shop,model,storage,condition,carrier,color,price_jpy,observed_at,shop_updated,source_url
mobile-mix,iPhone 18 Pro Max,256GB,未開封,SIMフリー,,245000,2026-10-08T00:19:00+09:00,2026-10-07,https://mobile-mix.jp/?category=7
mobile-mix,iPhone 18 Pro Max,256GB,未開封,SIMフリー,バーガンディ,245000,2026-10-08T00:19:00+09:00,2026-10-07,https://mobile-mix.jp/?category=7
mobile-mix,iPhone 18 Pro Max,256GB,未開封,SIMフリー,グレイシャー,225000,2026-10-08T00:19:00+09:00,2026-10-07,https://mobile-mix.jp/?category=7
mobile-mix,iPhone 18 Pro Max,256GB,未開封,SIMフリー,ブラック,225000,2026-10-08T00:19:00+09:00,2026-10-07,https://mobile-mix.jp/?category=7
mobile-mix,iPhone 18 Pro Max,256GB,未開封,SIMフリー,シルバー,221000,2026-10-08T00:19:00+09:00,2026-10-07,https://mobile-mix.jp/?category=7
mobile-mix,iPhone 18 Pro Max,512GB,未開封,SIMフリー,,279000,2026-10-08T00:19:00+09:00,2026-10-07,https://mobile-mix.jp/?category=7
mobile-mix,iPhone 18 Pro Max,512GB,未開封,SIMフリー,バーガンディ,279000,2026-10-08T00:19:00+09:00,2026-10-07,https://mobile-mix.jp/?category=7
mobile-mix,iPhone 18 Pro Max,512GB,未開封,SIMフリー,グレイシャー,261000,2026-10-08T00:19:00+09:00,2026-10-07,https://mobile-mix.jp/?category=7
mobile-mix,iPhone 18 Pro Max,512GB,未開封,SIMフリー,ブラック,261000,2026-10-08T00:19:00+09:00,2026-10-07,https://mobile-mix.jp/?category=7
mobile-mix,iPhone 18 Pro Max,512GB,未開封,SIMフリー,シルバー,256000,2026-10-08T00:19:00+09:00,2026-10-07,https://mobile-mix.jp/?category=7
mobile-mix,iPhone 18 Pro Max,1TB,未開封,SIMフリー,,341000,2026-10-08T00:19:00+09:00,2026-10-07,https://mobile-mix.jp/?category=7
mobile-mix,iPhone 18 Pro Max,1TB,未開封,SIMフリー,バーガンディ,341000,2026-10-08T00:19:00+09:00,2026-10-07,https://mobile-mix.jp/?category=7
mobile-mix,iPhone 18 Pro Max,1TB,未開封,SIMフリー,グレイシャー,330000,2026-10-08T00:19:00+09:00,2026-10-07,https://mobile-mix.jp/?category=7
mobile-mix,iPhone 18 Pro Max,1TB,未開封,SIMフリー,ブラック,330000,2026-10-08T00:19:00+09:00,2026-10-07,https://mobile-mix.jp/?category=7
mobile-mix,iPhone 18 Pro Max,1TB,未開封,SIMフリー,シルバー,320000,2026-10-08T00:19:00+09:00,2026-10-07,https://mobile-mix.jp/?category=7
mobile-mix,iPhone 18 Pro,256GB,未開封,SIMフリー,,212000,2026-10-08T00:19:00+09:00,2026-10-07,https://mobile-mix.jp/?category=7
mobile-mix,iPhone 18 Pro,256GB,未開封,SIMフリー,バーガンディ,212000,2026-10-08T00:19:00+09:00,2026-10-07,https://mobile-mix.jp/?category=7
mobile-mix,iPhone 18 Pro,256GB,未開封,SIMフリー,グレイシャー,197000,2026-10-08T00:19:00+09:00,2026-10-07,https://mobile-mix.jp/?category=7
mobile-mix,iPhone 18 Pro,256GB,未開封,SIMフリー,ブラック,197000,2026-10-08T00:19:00+09:00,2026-10-07,https://mobile-mix.jp/?category=7
mobile-mix,iPhone 18 Pro,512GB,未開封,SIMフリー,,244000,2026-10-08T00:19:00+09:00,2026-10-07,https://mobile-mix.jp/?category=7
mobile-mix,iPhone 18 Pro,512GB,未開封,SIMフリー,バーガンディ,244000,2026-10-08T00:19:00+09:00,2026-10-07,https://mobile-mix.jp/?category=7
mobile-mix,iPhone 18 Pro,512GB,未開封,SIMフリー,グレイシャー,229000,2026-10-08T00:19:00+09:00,2026-10-07,https://mobile-mix.jp/?category=7
mobile-mix,iPhone 18 Pro,512GB,未開封,SIMフリー,ブラック,229000,2026-10-08T00:19:00+09:00,2026-10-07,https://mobile-mix.jp/?category=7
mobile-mix,iPhone 18 Pro,512GB,未開封,SIMフリー,シルバー,220000,2026-10-08T00:19:00+09:00,2026-10-07,https://mobile-mix.jp/?category=7
mobile-mix,iPhone 18 Pro,1TB,未開封,SIMフリー,,308000,2026-10-08T00:19:00+09:00,2026-10-07,https://mobile-mix.jp/?category=7
mobile-mix,iPhone 18 Pro,1TB,未開封,SIMフリー,バーガンディ,308000,2026-10-08T00:19:00+09:00,2026-10-07,https://mobile-mix.jp/?category=7
イオシス,iPhone 18 Pro,256GB,未開封,docomo,,192000,2026-10-08T00:19:00+09:00,,https://k-tai-iosys.com/pricelist/smartphone/iphone/iphone18-pro/
イオシス,iPhone 18 Pro,256GB,中古上限,docomo,,182000,2026-10-08T00:19:00+09:00,,https://k-tai-iosys.com/pricelist/smartphone/iphone/iphone18-pro/
イオシス,iPhone 18 Pro,512GB,未開封,docomo,,223000,2026-10-08T00:19:00+09:00,,https://k-tai-iosys.com/pricelist/smartphone/iphone/iphone18-pro/
イオシス,iPhone 18 Pro,512GB,中古上限,docomo,,213000,2026-10-08T00:19:00+09:00,,https://k-tai-iosys.com/pricelist/smartphone/iphone/iphone18-pro/
イオシス,iPhone 18 Pro,1TB,未開封,docomo,,285000,2026-10-08T00:19:00+09:00,,https://k-tai-iosys.com/pricelist/smartphone/iphone/iphone18-pro/
イオシス,iPhone 18 Pro,1TB,中古上限,docomo,,275000,2026-10-08T00:19:00+09:00,,https://k-tai-iosys.com/pricelist/smartphone/iphone/iphone18-pro/
イオシス,iPhone 18 Pro,2TB,未開封,docomo,,360000,2026-10-08T00:19:00+09:00,,https://k-tai-iosys.com/pricelist/smartphone/iphone/iphone18-pro/
イオシス,iPhone 18 Pro,2TB,中古上限,docomo,,350000,2026-10-08T00:19:00+09:00,,https://k-tai-iosys.com/pricelist/smartphone/iphone/iphone18-pro/
イオシス,iPhone 18 Pro,256GB,未開封,au,,192000,2026-10-08T00:19:00+09:00,,https://k-tai-iosys.com/pricelist/smartphone/iphone/iphone18-pro/
イオシス,iPhone 18 Pro,256GB,中古上限,au,,182000,2026-10-08T00:19:00+09:00,,https://k-tai-iosys.com/pricelist/smartphone/iphone/iphone18-pro/
イオシス,iPhone 18 Pro,512GB,未開封,au,,223000,2026-10-08T00:19:00+09:00,,https://k-tai-iosys.com/pricelist/smartphone/iphone/iphone18-pro/
イオシス,iPhone 18 Pro,512GB,中古上限,au,,213000,2026-10-08T00:19:00+09:00,,https://k-tai-iosys.com/pricelist/smartphone/iphone/iphone18-pro/
イオシス,iPhone 18 Pro,1TB,未開封,au,,285000,2026-10-08T00:19:00+09:00,,https://k-tai-iosys.com/pricelist/smartphone/iphone/iphone18-pro/
イオシス,iPhone 18 Pro,1TB,中古上限,au,,275000,2026-10-08T00:19:00+09:00,,https://k-tai-iosys.com/pricelist/smartphone/iphone/iphone18-pro/
イオシス,iPhone 18 Pro,2TB,未開封,au,,360000,2026-10-08T00:19:00+09:00,,https://k-tai-iosys.com/pricelist/smartphone/iphone/iphone18-pro/
イオシス,iPhone 18 Pro,2TB,中古上限,au,,350000,2026-10-08T00:19:00+09:00,,https://k-tai-iosys.com/pricelist/smartphone/iphone/iphone18-pro/
イオシス,iPhone 18 Pro,256GB,未開封,SoftBank,,192000,2026-10-08T00:19:00+09:00,,https://k-tai-iosys.com/pricelist/smartphone/iphone/iphone18-pro/
イオシス,iPhone 18 Pro,256GB,中古上限,SoftBank,,182000,2026-10-08T00:19:00+09:00,,https://k-tai-iosys.com/pricelist/smartphone/iphone/iphone18-pro/
イオシス,iPhone 18 Pro,512GB,未開封,SoftBank,,223000,2026-10-08T00:19:00+09:00,,https://k-tai-iosys.com/pricelist/smartphone/iphone/iphone18-pro/
イオシス,iPhone 18 Pro,512GB,中古上限,SoftBank,,213000,2026-10-08T00:19:00+09:00,,https://k-tai-iosys.com/pricelist/smartphone/iphone/iphone18-pro/
イオシス,iPhone 18 Pro,1TB,未開封,SoftBank,,285000,2026-10-08T00:19:00+09:00,,https://k-tai-iosys.com/pricelist/smartphone/iphone/iphone18-pro/
イオシス,iPhone 18 Pro,1TB,中古上限,SoftBank,,275000,2026-10-08T00:19:00+09:00,,https://k-tai-iosys.com/pricelist/smartphone/iphone/iphone18-pro/
イオシス,iPhone 18 Pro,2TB,未開封,SoftBank,,360000,2026-10-08T00:19:00+09:00,,https://k-tai-iosys.com/pricelist/smartphone/iphone/iphone18-pro/
イオシス,iPhone 18 Pro,2TB,中古上限,SoftBank,,350000,2026-10-08T00:19:00+09:00,,https://k-tai-iosys.com/pricelist/smartphone/iphone/iphone18-pro/
イオシス,iPhone 18 Pro,256GB,未開封,Rakuten,,192000,2026-10-08T00:19:00+09:00,,https://k-tai-iosys.com/pricelist/smartphone/iphone/iphone18-pro/
イオシス,iPhone 18 Pro,256GB,中古上限,Rakuten,,182000,2026-10-08T00:19:00+09:00,,https://k-tai-iosys.com/pricelist/smartphone/iphone/iphone18-pro/
イオシス,iPhone 18 Pro,512GB,未開封,Rakuten,,223000,2026-10-08T00:19:00+09:00,,https://k-tai-iosys.com/pricelist/smartphone/iphone/iphone18-pro/
イオシス,iPhone 18 Pro,512GB,中古上限,Rakuten,,213000,2026-10-08T00:19:00+09:00,,https://k-tai-iosys.com/pricelist/smartphone/iphone/iphone18-pro/
イオシス,iPhone 18 Pro,1TB,未開封,Rakuten,,285000,2026-10-08T00:19:00+09:00,,https://k-tai-iosys.com/pricelist/smartphone/iphone/iphone18-pro/
イオシス,iPhone 18 Pro,1TB,中古上限,Rakuten,,275000,2026-10-08T00:19:00+09:00,,https://k-tai-iosys.com/pricelist/smartphone/iphone/iphone18-pro/
イオシス,iPhone 18 Pro,2TB,未開封,Rakuten,,360000,2026-10-08T00:19:00+09:00,,https://k-tai-iosys.com/pricelist/smartphone/iphone/iphone18-pro/
イオシス,iPhone 18 Pro,2TB,中古上限,Rakuten,,350000,2026-10-08T00:19:00+09:00,,https://k-tai-iosys.com/pricelist/smartphone/iphone/iphone18-pro/
イオシス,iPhone 18 Pro,256GB,未開封,SIMフリー,,192000,2026-10-08T00:19:00+09:00,,https://k-tai-iosys.com/pricelist/smartphone/iphone/iphone18-pro/
イオシス,iPhone 18 Pro,256GB,中古上限,SIMフリー,,182000,2026-10-08T00:19:00+09:00,,https://k-tai-iosys.com/pricelist/smartphone/iphone/iphone18-pro/
イオシス,iPhone 18 Pro,512GB,未開封,SIMフリー,,223000,2026-10-08T00:19:00+09:00,,https://k-tai-iosys.com/pricelist/smartphone/iphone/iphone18-pro/
イオシス,iPhone 18 Pro,512GB,中古上限,SIMフリー,,213000,2026-10-08T00:19:00+09:00,,https://k-tai-iosys.com/pricelist/smartphone/iphone/iphone18-pro/
イオシス,iPhone 18 Pro,1TB,未開封,SIMフリー,,285000,2026-10-08T00:19:00+09:00,,https://k-tai-iosys.com/pricelist/smartphone/iphone/iphone18-pro/
イオシス,iPhone 18 Pro,1TB,中古上限,SIMフリー,,275000,2026-10-08T00:19:00+09:00,,https://k-tai-iosys.com/pricelist/smartphone/iphone/iphone18-pro/
イオシス,iPhone 18 Pro,2TB,未開封,SIMフリー,,360000,2026-10-08T00:19:00+09:00,,https://k-tai-iosys.com/pricelist/smartphone/iphone/iphone18-pro/
イオシス,iPhone 18 Pro,2TB,中古上限,SIMフリー,,350000,2026-10-08T00:19:00+09:00,,https://k-tai-iosys.com/pricelist/smartphone/iphone/iphone18-pro/
イオシス,iPhone 18 Pro Max,256GB,未開封,docomo,,210000,2026-10-08T00:19:00+09:00,,https://k-tai-iosys.com/pricelist/smartphone/iphone/iphone18-pro-max/
イオシス,iPhone 18 Pro Max,256GB,中古上限,docomo,,200000,2026-10-08T00:19:00+09:00,,https://k-tai-iosys.com/pricelist/smartphone/iphone/iphone18-pro-max/
イオシス,iPhone 18 Pro Max,512GB,未開封,docomo,,240000,2026-10-08T00:19:00+09:00,,https://k-tai-iosys.com/pricelist/smartphone/iphone/iphone18-pro-max/
イオシス,iPhone 18 Pro Max,512GB,中古上限,docomo,,230000,2026-10-08T00:19:00+09:00,,https://k-tai-iosys.com/pricelist/smartphone/iphone/iphone18-pro-max/
イオシス,iPhone 18 Pro Max,1TB,未開封,docomo,,300000,2026-10-08T00:19:00+09:00,,https://k-tai-iosys.com/pricelist/smartphone/iphone/iphone18-pro-max/
イオシス,iPhone 18 Pro Max,1TB,中古上限,docomo,,290000,2026-10-08T00:19:00+09:00,,https://k-tai-iosys.com/pricelist/smartphone/iphone/iphone18-pro-max/
イオシス,iPhone 18 Pro Max,2TB,未開封,docomo,,380000,2026-10-08T00:19:00+09:00,,https://k-tai-iosys.com/pricelist/smartphone/iphone/iphone18-pro-max/
イオシス,iPhone 18 Pro Max,2TB,中古上限,docomo,,370000,2026-10-08T00:19:00+09:00,,https://k-tai-iosys.com/pricelist/smartphone/iphone/iphone18-pro-max/
イオシス,iPhone 18 Pro Max,256GB,未開封,au,,210000,2026-10-08T00:19:00+09:00,,https://k-tai-iosys.com/pricelist/smartphone/iphone/iphone18-pro-max/
イオシス,iPhone 18 Pro Max,256GB,中古上限,au,,200000,2026-10-08T00:19:00+09:00,,https://k-tai-iosys.com/pricelist/smartphone/iphone/iphone18-pro-max/
イオシス,iPhone 18 Pro Max,512GB,未開封,au,,240000,2026-10-08T00:19:00+09:00,,https://k-tai-iosys.com/pricelist/smartphone/iphone/iphone18-pro-max/
イオシス,iPhone 18 Pro Max,512GB,中古上限,au,,230000,2026-10-08T00:19:00+09:00,,https://k-tai-iosys.com/pricelist/smartphone/iphone/iphone18-pro-max/
イオシス,iPhone 18 Pro Max,1TB,未開封,au,,300000,2026-10-08T00:19:00+09:00,,https://k-tai-iosys.com/pricelist/smartphone/iphone/iphone18-pro-max/
イオシス,iPhone 18 Pro Max,1TB,中古上限,au,,290000,2026-10-08T00:19:00+09:00,,https://k-tai-iosys.com/pricelist/smartphone/iphone/iphone18-pro-max/
イオシス,iPhone 18 Pro Max,2TB,未開封,au,,380000,2026-10-08T00:19:00+09:00,,https://k-tai-iosys.com/pricelist/smartphone/iphone/iphone18-pro-max/
イオシス,iPhone 18 Pro Max,2TB,中古上限,au,,370000,2026-10-08T00:19:00+09:00,,https://k-tai-iosys.com/pricelist/smartphone/iphone/iphone18-pro-max/
イオシス,iPhone 18 Pro Max,256GB,未開封,SoftBank,,210000,2026-10-08T00:19:00+09:00,,https://k-tai-iosys.com/pricelist/smartphone/iphone/iphone18-pro-max/
イオシス,iPhone 18 Pro Max,256GB,中古上限,SoftBank,,200000,2026-10-08T00:19:00+09:00,,https://k-tai-iosys.com/pricelist/smartphone/iphone/iphone18-pro-max/
イオシス,iPhone 18 Pro Max,512GB,未開封,SoftBank,,240000,2026-10-08T00:19:00+09:00,,https://k-tai-iosys.com/pricelist/smartphone/iphone/iphone18-pro-max/
イオシス,iPhone 18 Pro Max,512GB,中古上限,SoftBank,,230000,2026-10-08T00:19:00+09:00,,https://k-tai-iosys.com/pricelist/smartphone/iphone/iphone18-pro-max/
イオシス,iPhone 18 Pro Max,1TB,未開封,SoftBank,,300000,2026-10-08T00:19:00+09:00,,https://k-tai-iosys.com/pricelist/smartphone/iphone/iphone18-pro-max/
イオシス,iPhone 18 Pro Max,1TB,中古上限,SoftBank,,290000,2026-10-08T00:19:00+09:00,,https://k-tai-iosys.com/pricelist/smartphone/iphone/iphone18-pro-max/
イオシス,iPhone 18 Pro Max,2TB,未開封,SoftBank,,380000,2026-10-08T00:19:00+09:00,,https://k-tai-iosys.com/pricelist/smartphone/iphone/iphone18-pro-max/
イオシス,iPhone 18 Pro Max,2TB,中古上限,SoftBank,,370000,2026-10-08T00:19:00+09:00,,https://k-tai-iosys.com/pricelist/smartphone/iphone/iphone18-pro-max/
イオシス,iPhone 18 Pro Max,256GB,未開封,Rakuten,,210000,2026-10-08T00:19:00+09:00,,https://k-tai-iosys.com/pricelist/smartphone/iphone/iphone18-pro-max/
イオシス,iPhone 18 Pro Max,256GB,中古上限,Rakuten,,200000,2026-10-08T00:19:00+09:00,,https://k-tai-iosys.com/pricelist/smartphone/iphone/iphone18-pro-max/
イオシス,iPhone 18 Pro Max,512GB,未開封,Rakuten,,240000,2026-10-08T00:19:00+09:00,,https://k-tai-iosys.com/pricelist/smartphone/iphone/iphone18-pro-max/
イオシス,iPhone 18 Pro Max,512GB,中古上限,Rakuten,,230000,2026-10-08T00:19:00+09:00,,https://k-tai-iosys.com/pricelist/smartphone/iphone/iphone18-pro-max/
イオシス,iPhone 18 Pro Max,1TB,未開封,Rakuten,,300000,2026-10-08T00:19:00+09:00,,https://k-tai-iosys.com/pricelist/smartphone/iphone/iphone18-pro-max/
イオシス,iPhone 18 Pro Max,1TB,中古上限,Rakuten,,290000,2026-10-08T00:19:00+09:00,,https://k-tai-iosys.com/pricelist/smartphone/iphone/iphone18-pro-max/
イオシス,iPhone 18 Pro Max,2TB,未開封,Rakuten,,380000,2026-10-08T00:19:00+09:00,,https://k-tai-iosys.com/pricelist/smartphone/iphone/iphone18-pro-max/
イオシス,iPhone 18 Pro Max,2TB,中古上限,Rakuten,,370000,2026-10-08T00:19:00+09:00,,https://k-tai-iosys.com/pricelist/smartphone/iphone/iphone18-pro-max/
イオシス,iPhone 18 Pro Max,256GB,未開封,SIMフリー,,210000,2026-10-08T00:19:00+09:00,,https://k-tai-iosys.com/pricelist/smartphone/iphone/iphone18-pro-max/
イオシス,iPhone 18 Pro Max,256GB,中古上限,SIMフリー,,200000,2026-10-08T00:19:00+09:00,,https://k-tai-iosys.com/pricelist/smartphone/iphone/iphone18-pro-max/
イオシス,iPhone 18 Pro Max,512GB,未開封,SIMフリー,,240000,2026-10-08T00:19:00+09:00,,https://k-tai-iosys.com/pricelist/smartphone/iphone/iphone18-pro-max/
イオシス,iPhone 18 Pro Max,512GB,中古上限,SIMフリー,,230000,2026-10-08T00:19:00+09:00,,https://k-tai-iosys.com/pricelist/smartphone/iphone/iphone18-pro-max/
イオシス,iPhone 18 Pro Max,1TB,未開封,SIMフリー,,300000,2026-10-08T00:19:00+09:00,,https://k-tai-iosys.com/pricelist/smartphone/iphone/iphone18-pro-max/
イオシス,iPhone 18 Pro Max,1TB,中古上限,SIMフリー,,290000,2026-10-08T00:19:00+09:00,,https://k-tai-iosys.com/pricelist/smartphone/iphone/iphone18-pro-max/
イオシス,iPhone 18 Pro Max,2TB,未開封,SIMフリー,,380000,2026-10-08T00:19:00+09:00,,https://k-tai-iosys.com/pricelist/smartphone/iphone/iphone18-pro-max/
イオシス,iPhone 18 Pro Max,2TB,中古上限,SIMフリー,,370000,2026-10-08T00:19:00+09:00,,https://k-tai-iosys.com/pricelist/smartphone/iphone/iphone18-pro-max/
アメモバ,iPhone 18 Pro,256GB,未開封,SIMフリー,,200000,2026-10-08T00:19:00+09:00,2026-10-06,https://amemoba.com/smartphone/iphone/iphone-18-pro/
アメモバ,iPhone 18 Pro,256GB,中古上限,SIMフリー,,187000,2026-10-08T00:19:00+09:00,2026-10-06,https://amemoba.com/smartphone/iphone/iphone-18-pro/
アメモバ,iPhone 18 Pro,512GB,未開封,SIMフリー,,225000,2026-10-08T00:19:00+09:00,2026-10-06,https://amemoba.com/smartphone/iphone/iphone-18-pro/
アメモバ,iPhone 18 Pro,512GB,中古上限,SIMフリー,,215000,2026-10-08T00:19:00+09:00,2026-10-06,https://amemoba.com/smartphone/iphone/iphone-18-pro/
アメモバ,iPhone 18 Pro,1TB,未開封,SIMフリー,,290000,2026-10-08T00:19:00+09:00,2026-10-06,https://amemoba.com/smartphone/iphone/iphone-18-pro/
アメモバ,iPhone 18 Pro,1TB,中古上限,SIMフリー,,277000,2026-10-08T00:19:00+09:00,2026-10-06,https://amemoba.com/smartphone/iphone/iphone-18-pro/
アメモバ,iPhone 18 Pro,2TB,未開封,SIMフリー,,375000,2026-10-08T00:19:00+09:00,2026-10-06,https://amemoba.com/smartphone/iphone/iphone-18-pro/
アメモバ,iPhone 18 Pro,2TB,中古上限,SIMフリー,,352000,2026-10-08T00:19:00+09:00,2026-10-06,https://amemoba.com/smartphone/iphone/iphone-18-pro/
アメモバ,iPhone 18 Pro,256GB,未開封,au,,192000,2026-10-08T00:19:00+09:00,2026-10-06,https://amemoba.com/smartphone/iphone/iphone-18-pro/
アメモバ,iPhone 18 Pro,256GB,中古上限,au,,187000,2026-10-08T00:19:00+09:00,2026-10-06,https://amemoba.com/smartphone/iphone/iphone-18-pro/
アメモバ,iPhone 18 Pro,512GB,未開封,au,,220000,2026-10-08T00:19:00+09:00,2026-10-06,https://amemoba.com/smartphone/iphone/iphone-18-pro/
アメモバ,iPhone 18 Pro,512GB,中古上限,au,,215000,2026-10-08T00:19:00+09:00,2026-10-06,https://amemoba.com/smartphone/iphone/iphone-18-pro/
アメモバ,iPhone 18 Pro,1TB,未開封,au,,285000,2026-10-08T00:19:00+09:00,2026-10-06,https://amemoba.com/smartphone/iphone/iphone-18-pro/
アメモバ,iPhone 18 Pro,1TB,中古上限,au,,277000,2026-10-08T00:19:00+09:00,2026-10-06,https://amemoba.com/smartphone/iphone/iphone-18-pro/
アメモバ,iPhone 18 Pro,2TB,未開封,au,,360000,2026-10-08T00:19:00+09:00,2026-10-06,https://amemoba.com/smartphone/iphone/iphone-18-pro/
アメモバ,iPhone 18 Pro,2TB,中古上限,au,,352000,2026-10-08T00:19:00+09:00,2026-10-06,https://amemoba.com/smartphone/iphone/iphone-18-pro/
アメモバ,iPhone 18 Pro,256GB,未開封,docomo,,192000,2026-10-08T00:19:00+09:00,2026-10-06,https://amemoba.com/smartphone/iphone/iphone-18-pro/
アメモバ,iPhone 18 Pro,256GB,中古上限,docomo,,187000,2026-10-08T00:19:00+09:00,2026-10-06,https://amemoba.com/smartphone/iphone/iphone-18-pro/
アメモバ,iPhone 18 Pro,512GB,未開封,docomo,,220000,2026-10-08T00:19:00+09:00,2026-10-06,https://amemoba.com/smartphone/iphone/iphone-18-pro/
アメモバ,iPhone 18 Pro,512GB,中古上限,docomo,,215000,2026-10-08T00:19:00+09:00,2026-10-06,https://amemoba.com/smartphone/iphone/iphone-18-pro/
アメモバ,iPhone 18 Pro,1TB,未開封,docomo,,285000,2026-10-08T00:19:00+09:00,2026-10-06,https://amemoba.com/smartphone/iphone/iphone-18-pro/
アメモバ,iPhone 18 Pro,1TB,中古上限,docomo,,277000,2026-10-08T00:19:00+09:00,2026-10-06,https://amemoba.com/smartphone/iphone/iphone-18-pro/
アメモバ,iPhone 18 Pro,2TB,未開封,docomo,,360000,2026-10-08T00:19:00+09:00,2026-10-06,https://amemoba.com/smartphone/iphone/iphone-18-pro/
アメモバ,iPhone 18 Pro,2TB,中古上限,docomo,,352000,2026-10-08T00:19:00+09:00,2026-10-06,https://amemoba.com/smartphone/iphone/iphone-18-pro/
アメモバ,iPhone 18 Pro,256GB,未開封,SoftBank,,192000,2026-10-08T00:19:00+09:00,2026-10-06,https://amemoba.com/smartphone/iphone/iphone-18-pro/
アメモバ,iPhone 18 Pro,256GB,中古上限,SoftBank,,187000,2026-10-08T00:19:00+09:00,2026-10-06,https://amemoba.com/smartphone/iphone/iphone-18-pro/
アメモバ,iPhone 18 Pro,512GB,未開封,SoftBank,,220000,2026-10-08T00:19:00+09:00,2026-10-06,https://amemoba.com/smartphone/iphone/iphone-18-pro/
アメモバ,iPhone 18 Pro,512GB,中古上限,SoftBank,,215000,2026-10-08T00:19:00+09:00,2026-10-06,https://amemoba.com/smartphone/iphone/iphone-18-pro/
アメモバ,iPhone 18 Pro,1TB,未開封,SoftBank,,285000,2026-10-08T00:19:00+09:00,2026-10-06,https://amemoba.com/smartphone/iphone/iphone-18-pro/
アメモバ,iPhone 18 Pro,1TB,中古上限,SoftBank,,277000,2026-10-08T00:19:00+09:00,2026-10-06,https://amemoba.com/smartphone/iphone/iphone-18-pro/
アメモバ,iPhone 18 Pro,2TB,未開封,SoftBank,,360000,2026-10-08T00:19:00+09:00,2026-10-06,https://amemoba.com/smartphone/iphone/iphone-18-pro/
アメモバ,iPhone 18 Pro,2TB,中古上限,SoftBank,,352000,2026-10-08T00:19:00+09:00,2026-10-06,https://amemoba.com/smartphone/iphone/iphone-18-pro/
アメモバ,iPhone 18 Pro,256GB,未開封,Rakuten,,192000,2026-10-08T00:19:00+09:00,2026-10-06,https://amemoba.com/smartphone/iphone/iphone-18-pro/
アメモバ,iPhone 18 Pro,256GB,中古上限,Rakuten,,187000,2026-10-08T00:19:00+09:00,2026-10-06,https://amemoba.com/smartphone/iphone/iphone-18-pro/
アメモバ,iPhone 18 Pro,512GB,未開封,Rakuten,,220000,2026-10-08T00:19:00+09:00,2026-10-06,https://amemoba.com/smartphone/iphone/iphone-18-pro/
アメモバ,iPhone 18 Pro,512GB,中古上限,Rakuten,,215000,2026-10-08T00:19:00+09:00,2026-10-06,https://amemoba.com/smartphone/iphone/iphone-18-pro/
アメモバ,iPhone 18 Pro,1TB,未開封,Rakuten,,285000,2026-10-08T00:19:00+09:00,2026-10-06,https://amemoba.com/smartphone/iphone/iphone-18-pro/
アメモバ,iPhone 18 Pro,1TB,中古上限,Rakuten,,277000,2026-10-08T00:19:00+09:00,2026-10-06,https://amemoba.com/smartphone/iphone/iphone-18-pro/
アメモバ,iPhone 18 Pro,2TB,未開封,Rakuten,,360000,2026-10-08T00:19:00+09:00,2026-10-06,https://amemoba.com/smartphone/iphone/iphone-18-pro/
アメモバ,iPhone 18 Pro,2TB,中古上限,Rakuten,,352000,2026-10-08T00:19:00+09:00,2026-10-06,https://amemoba.com/smartphone/iphone/iphone-18-pro/
アメモバ,iPhone 18 Pro Max,256GB,未開封,SIMフリー,,228000,2026-10-08T00:19:00+09:00,2026-10-06,https://amemoba.com/smartphone/iphone/iphone-18pro-max/
アメモバ,iPhone 18 Pro Max,256GB,中古上限,SIMフリー,,202000,2026-10-08T00:19:00+09:00,2026-10-06,https://amemoba.com/smartphone/iphone/iphone-18pro-max/
アメモバ,iPhone 18 Pro Max,512GB,未開封,SIMフリー,,260000,2026-10-08T00:19:00+09:00,2026-10-06,https://amemoba.com/smartphone/iphone/iphone-18pro-max/
アメモバ,iPhone 18 Pro Max,512GB,中古上限,SIMフリー,,232000,2026-10-08T00:19:00+09:00,2026-10-06,https://amemoba.com/smartphone/iphone/iphone-18pro-max/
アメモバ,iPhone 18 Pro Max,1TB,未開封,SIMフリー,,325000,2026-10-08T00:19:00+09:00,2026-10-06,https://amemoba.com/smartphone/iphone/iphone-18pro-max/
アメモバ,iPhone 18 Pro Max,1TB,中古上限,SIMフリー,,292000,2026-10-08T00:19:00+09:00,2026-10-06,https://amemoba.com/smartphone/iphone/iphone-18pro-max/
アメモバ,iPhone 18 Pro Max,2TB,未開封,SIMフリー,,390000,2026-10-08T00:19:00+09:00,2026-10-06,https://amemoba.com/smartphone/iphone/iphone-18pro-max/
アメモバ,iPhone 18 Pro Max,2TB,中古上限,SIMフリー,,372000,2026-10-08T00:19:00+09:00,2026-10-06,https://amemoba.com/smartphone/iphone/iphone-18pro-max/
アメモバ,iPhone 18 Pro Max,256GB,未開封,au,,212000,2026-10-08T00:19:00+09:00,2026-10-06,https://amemoba.com/smartphone/iphone/iphone-18pro-max/
アメモバ,iPhone 18 Pro Max,256GB,中古上限,au,,202000,2026-10-08T00:19:00+09:00,2026-10-06,https://amemoba.com/smartphone/iphone/iphone-18pro-max/
アメモバ,iPhone 18 Pro Max,512GB,未開封,au,,243000,2026-10-08T00:19:00+09:00,2026-10-06,https://amemoba.com/smartphone/iphone/iphone-18pro-max/
アメモバ,iPhone 18 Pro Max,512GB,中古上限,au,,232000,2026-10-08T00:19:00+09:00,2026-10-06,https://amemoba.com/smartphone/iphone/iphone-18pro-max/
アメモバ,iPhone 18 Pro Max,1TB,未開封,au,,300000,2026-10-08T00:19:00+09:00,2026-10-06,https://amemoba.com/smartphone/iphone/iphone-18pro-max/
アメモバ,iPhone 18 Pro Max,1TB,中古上限,au,,292000,2026-10-08T00:19:00+09:00,2026-10-06,https://amemoba.com/smartphone/iphone/iphone-18pro-max/
アメモバ,iPhone 18 Pro Max,2TB,未開封,au,,380000,2026-10-08T00:19:00+09:00,2026-10-06,https://amemoba.com/smartphone/iphone/iphone-18pro-max/
アメモバ,iPhone 18 Pro Max,2TB,中古上限,au,,372000,2026-10-08T00:19:00+09:00,2026-10-06,https://amemoba.com/smartphone/iphone/iphone-18pro-max/
アメモバ,iPhone 18 Pro Max,256GB,未開封,docomo,,212000,2026-10-08T00:19:00+09:00,2026-10-06,https://amemoba.com/smartphone/iphone/iphone-18pro-max/
アメモバ,iPhone 18 Pro Max,256GB,中古上限,docomo,,202000,2026-10-08T00:19:00+09:00,2026-10-06,https://amemoba.com/smartphone/iphone/iphone-18pro-max/
アメモバ,iPhone 18 Pro Max,512GB,未開封,docomo,,243000,2026-10-08T00:19:00+09:00,2026-10-06,https://amemoba.com/smartphone/iphone/iphone-18pro-max/
アメモバ,iPhone 18 Pro Max,512GB,中古上限,docomo,,232000,2026-10-08T00:19:00+09:00,2026-10-06,https://amemoba.com/smartphone/iphone/iphone-18pro-max/
アメモバ,iPhone 18 Pro Max,1TB,未開封,docomo,,300000,2026-10-08T00:19:00+09:00,2026-10-06,https://amemoba.com/smartphone/iphone/iphone-18pro-max/
アメモバ,iPhone 18 Pro Max,1TB,中古上限,docomo,,292000,2026-10-08T00:19:00+09:00,2026-10-06,https://amemoba.com/smartphone/iphone/iphone-18pro-max/
アメモバ,iPhone 18 Pro Max,2TB,未開封,docomo,,380000,2026-10-08T00:19:00+09:00,2026-10-06,https://amemoba.com/smartphone/iphone/iphone-18pro-max/
アメモバ,iPhone 18 Pro Max,2TB,中古上限,docomo,,372000,2026-10-08T00:19:00+09:00,2026-10-06,https://amemoba.com/smartphone/iphone/iphone-18pro-max/
アメモバ,iPhone 18 Pro Max,256GB,未開封,SoftBank,,212000,2026-10-08T00:19:00+09:00,2026-10-06,https://amemoba.com/smartphone/iphone/iphone-18pro-max/
アメモバ,iPhone 18 Pro Max,256GB,中古上限,SoftBank,,202000,2026-10-08T00:19:00+09:00,2026-10-06,https://amemoba.com/smartphone/iphone/iphone-18pro-max/
アメモバ,iPhone 18 Pro Max,512GB,未開封,SoftBank,,243000,2026-10-08T00:19:00+09:00,2026-10-06,https://amemoba.com/smartphone/iphone/iphone-18pro-max/
アメモバ,iPhone 18 Pro Max,512GB,中古上限,SoftBank,,232000,2026-10-08T00:19:00+09:00,2026-10-06,https://amemoba.com/smartphone/iphone/iphone-18pro-max/
アメモバ,iPhone 18 Pro Max,1TB,未開封,SoftBank,,300000,2026-10-08T00:19:00+09:00,2026-10-06,https://amemoba.com/smartphone/iphone/iphone-18pro-max/
アメモバ,iPhone 18 Pro Max,1TB,中古上限,SoftBank,,292000,2026-10-08T00:19:00+09:00,2026-10-06,https://amemoba.com/smartphone/iphone/iphone-18pro-max/
アメモバ,iPhone 18 Pro Max,2TB,未開封,SoftBank,,380000,2026-10-08T00:19:00+09:00,2026-10-06,https://amemoba.com/smartphone/iphone/iphone-18pro-max/
アメモバ,iPhone 18 Pro Max,2TB,中古上限,SoftBank,,372000,2026-10-08T00:19:00+09:00,2026-10-06,https://amemoba.com/smartphone/iphone/iphone-18pro-max/
アメモバ,iPhone 18 Pro Max,256GB,未開封,Rakuten,,212000,2026-10-08T00:19:00+09:00,2026-10-06,https://amemoba.com/smartphone/iphone/iphone-18pro-max/
アメモバ,iPhone 18 Pro Max,256GB,中古上限,Rakuten,,202000,2026-10-08T00:19:00+09:00,2026-10-06,https://amemoba.com/smartphone/iphone/iphone-18pro-max/
アメモバ,iPhone 18 Pro Max,512GB,未開封,Rakuten,,243000,2026-10-08T00:19:00+09:00,2026-10-06,https://amemoba.com/smartphone/iphone/iphone-18pro-max/
アメモバ,iPhone 18 Pro Max,512GB,中古上限,Rakuten,,232000,2026-10-08T00:19:00+09:00,2026-10-06,https://amemoba.com/smartphone/iphone/iphone-18pro-max/
アメモバ,iPhone 18 Pro Max,1TB,未開封,Rakuten,,300000,2026-10-08T00:19:00+09:00,2026-10-06,https://amemoba.com/smartphone/iphone/iphone-18pro-max/
アメモバ,iPhone 18 Pro Max,1TB,中古上限,Rakuten,,292000,2026-10-08T00:19:00+09:00,2026-10-06,https://amemoba.com/smartphone/iphone/iphone-18pro-max/
アメモバ,iPhone 18 Pro Max,2TB,未開封,Rakuten,,380000,2026-10-08T00:19:00+09:00,2026-10-06,https://amemoba.com/smartphone/iphone/iphone-18pro-max/
アメモバ,iPhone 18 Pro Max,2TB,中古上限,Rakuten,,372000,2026-10-08T00:19:00+09:00,2026-10-06,https://amemoba.com/smartphone/iphone/iphone-18pro-max/
mobile-mix,iPhone 18 Pro Max,256GB,未開封,SIMフリー,,246500,2026-10-08T13:12:51+09:00,2026-10-08,https://mobile-mix.jp/?category=7
mobile-mix,iPhone 18 Pro Max,256GB,未開封,SIMフリー,バーガンディ,246500,2026-10-08T13:12:51+09:00,2026-10-08,https://mobile-mix.jp/?category=7
mobile-mix,iPhone 18 Pro Max,256GB,未開封,SIMフリー,グレイシャー,226000,2026-10-08T13:12:51+09:00,2026-10-08,https://mobile-mix.jp/?category=7
mobile-mix,iPhone 18 Pro Max,256GB,未開封,SIMフリー,ブラック,226000,2026-10-08T13:12:51+09:00,2026-10-08,https://mobile-mix.jp/?category=7
mobile-mix,iPhone 18 Pro Max,256GB,未開封,SIMフリー,シルバー,222000,2026-10-08T13:12:51+09:00,2026-10-08,https://mobile-mix.jp/?category=7
mobile-mix,iPhone 18 Pro Max,512GB,未開封,SIMフリー,,280500,2026-10-08T13:12:51+09:00,2026-10-08,https://mobile-mix.jp/?category=7
mobile-mix,iPhone 18 Pro Max,512GB,未開封,SIMフリー,バーガンディ,280500,2026-10-08T13:12:51+09:00,2026-10-08,https://mobile-mix.jp/?category=7
mobile-mix,iPhone 18 Pro Max,1TB,未開封,SIMフリー,,342000,2026-10-08T13:12:51+09:00,2026-10-08,https://mobile-mix.jp/?category=7
mobile-mix,iPhone 18 Pro Max,1TB,未開封,SIMフリー,バーガンディ,342000,2026-10-08T13:12:51+09:00,2026-10-08,https://mobile-mix.jp/?category=7
mobile-mix,iPhone 18 Pro Max,1TB,未開封,SIMフリー,シルバー,326000,2026-10-08T13:12:51+09:00,2026-10-08,https://mobile-mix.jp/?category=7
mobile-mix,iPhone 18 Pro,512GB,未開封,SIMフリー,,245000,2026-10-08T13:12:51+09:00,2026-10-08,https://mobile-mix.jp/?category=7
mobile-mix,iPhone 18 Pro,512GB,未開封,SIMフリー,バーガンディ,245000,2026-10-08T13:12:51+09:00,2026-10-08,https://mobile-mix.jp/?category=7
mobile-mix,iPhone 18 Pro,512GB,未開封,SIMフリー,グレイシャー,230000,2026-10-08T13:12:51+09:00,2026-10-08,https://mobile-mix.jp/?category=7
mobile-mix,iPhone 18 Pro,512GB,未開封,SIMフリー,ブラック,230000,2026-10-08T13:12:51+09:00,2026-10-08,https://mobile-mix.jp/?category=7
mobile-mix,iPhone 18 Pro,1TB,未開封,SIMフリー,,305000,2026-10-08T13:12:51+09:00,2026-10-08,https://mobile-mix.jp/?category=7
mobile-mix,iPhone 18 Pro,1TB,未開封,SIMフリー,バーガンディ,305000,2026-10-08T13:12:51+09:00,2026-10-08,https://mobile-mix.jp/?category=7
mobile-mix,iPhone 18 Pro,512GB,未開封,SIMフリー,シルバー,,2026-10-08T13:12:51+09:00,2026-10-08,https://mobile-mix.jp/?category=7
アメモバ,iPhone 18 Pro,512GB,未開封,SIMフリー,,229000,2026-10-08T13:12:51+09:00,2026-10-06,https://amemoba.com/smartphone/iphone/iphone-18-pro/
アメモバ,iPhone 18 Pro,256GB,未開封,au,,191000,2026-10-08T13:12:51+09:00,2026-10-06,https://amemoba.com/smartphone/iphone/iphone-18-pro/
アメモバ,iPhone 18 Pro,256GB,未開封,docomo,,191000,2026-10-08T13:12:51+09:00,2026-10-06,https://amemoba.com/smartphone/iphone/iphone-18-pro/
アメモバ,iPhone 18 Pro,256GB,未開封,SoftBank,,191000,2026-10-08T13:12:51+09:00,2026-10-06,https://amemoba.com/smartphone/iphone/iphone-18-pro/
アメモバ,iPhone 18 Pro,256GB,未開封,Rakuten,,191000,2026-10-08T13:12:51+09:00,2026-10-06,https://amemoba.com/smartphone/iphone/iphone-18-pro/
アメモバ,iPhone 18 Pro Max,256GB,未開封,SIMフリー,,230000,2026-10-08T13:12:51+09:00,2026-10-06,https://amemoba.com/smartphone/iphone/iphone-18pro-max/
アメモバ,iPhone 18 Pro Max,256GB,中古上限,SIMフリー,,197000,2026-10-08T13:12:51+09:00,2026-10-06,https://amemoba.com/smartphone/iphone/iphone-18pro-max/
アメモバ,iPhone 18 Pro Max,512GB,未開封,SIMフリー,,264000,2026-10-08T13:12:51+09:00,2026-10-06,https://amemoba.com/smartphone/iphone/iphone-18pro-max/
アメモバ,iPhone 18 Pro Max,2TB,未開封,SIMフリー,,391000,2026-10-08T13:12:51+09:00,2026-10-06,https://amemoba.com/smartphone/iphone/iphone-18pro-max/
アメモバ,iPhone 18 Pro Max,256GB,中古上限,au,,197000,2026-10-08T13:12:51+09:00,2026-10-06,https://amemoba.com/smartphone/iphone/iphone-18pro-max/
アメモバ,iPhone 18 Pro Max,256GB,中古上限,docomo,,197000,2026-10-08T13:12:51+09:00,2026-10-06,https://amemoba.com/smartphone/iphone/iphone-18pro-max/
アメモバ,iPhone 18 Pro Max,256GB,中古上限,SoftBank,,197000,2026-10-08T13:12:51+09:00,2026-10-06,https://amemoba.com/smartphone/iphone/iphone-18pro-max/
アメモバ,iPhone 18 Pro Max,256GB,中古上限,Rakuten,,197000,2026-10-08T13:12:51+09:00,2026-10-06,https://amemoba.com/smartphone/iphone/iphone-18pro-max/
mobile-mix,iPhone 18 Pro Max,256GB,未開封,SIMフリー,,240000,2026-10-08T21:43:19+09:00,2026-10-08,https://mobile-mix.jp/?category=7
mobile-mix,iPhone 18 Pro Max,256GB,未開封,SIMフリー,バーガンディ,240000,2026-10-08T21:43:19+09:00,2026-10-08,https://mobile-mix.jp/?category=7
mobile-mix,iPhone 18 Pro Max,256GB,未開封,SIMフリー,グレイシャー,220000,2026-10-08T21:43:19+09:00,2026-10-08,https://mobile-mix.jp/?category=7
mobile-mix,iPhone 18 Pro Max,256GB,未開封,SIMフリー,ブラック,220000,2026-10-08T21:43:19+09:00,2026-10-08,https://mobile-mix.jp/?category=7
mobile-mix,iPhone 18 Pro Max,256GB,未開封,SIMフリー,シルバー,216000,2026-10-08T21:43:19+09:00,2026-10-08,https://mobile-mix.jp/?category=7
mobile-mix,iPhone 18 Pro Max,512GB,未開封,SIMフリー,,274000,2026-10-08T21:43:19+09:00,2026-10-08,https://mobile-mix.jp/?category=7
mobile-mix,iPhone 18 Pro Max,512GB,未開封,SIMフリー,バーガンディ,274000,2026-10-08T21:43:19+09:00,2026-10-08,https://mobile-mix.jp/?category=7
mobile-mix,iPhone 18 Pro Max,512GB,未開封,SIMフリー,グレイシャー,256000,2026-10-08T21:43:19+09:00,2026-10-08,https://mobile-mix.jp/?category=7
mobile-mix,iPhone 18 Pro Max,512GB,未開封,SIMフリー,ブラック,256000,2026-10-08T21:43:19+09:00,2026-10-08,https://mobile-mix.jp/?category=7
mobile-mix,iPhone 18 Pro Max,512GB,未開封,SIMフリー,シルバー,251000,2026-10-08T21:43:19+09:00,2026-10-08,https://mobile-mix.jp/?category=7
mobile-mix,iPhone 18 Pro Max,1TB,未開封,SIMフリー,,337000,2026-10-08T21:43:19+09:00,2026-10-08,https://mobile-mix.jp/?category=7
mobile-mix,iPhone 18 Pro Max,1TB,未開封,SIMフリー,バーガンディ,337000,2026-10-08T21:43:19+09:00,2026-10-08,https://mobile-mix.jp/?category=7
mobile-mix,iPhone 18 Pro Max,1TB,未開封,SIMフリー,グレイシャー,325000,2026-10-08T21:43:19+09:00,2026-10-08,https://mobile-mix.jp/?category=7
mobile-mix,iPhone 18 Pro Max,1TB,未開封,SIMフリー,ブラック,325000,2026-10-08T21:43:19+09:00,2026-10-08,https://mobile-mix.jp/?category=7
mobile-mix,iPhone 18 Pro Max,1TB,未開封,SIMフリー,シルバー,321000,2026-10-08T21:43:19+09:00,2026-10-08,https://mobile-mix.jp/?category=7
mobile-mix,iPhone 18 Pro,256GB,未開封,SIMフリー,,206000,2026-10-08T21:43:19+09:00,2026-10-08,https://mobile-mix.jp/?category=7
mobile-mix,iPhone 18 Pro,256GB,未開封,SIMフリー,バーガンディ,206000,2026-10-08T21:43:19+09:00,2026-10-08,https://mobile-mix.jp/?category=7
mobile-mix,iPhone 18 Pro,256GB,未開封,SIMフリー,グレイシャー,192000,2026-10-08T21:43:19+09:00,2026-10-08,https://mobile-mix.jp/?category=7
mobile-mix,iPhone 18 Pro,256GB,未開封,SIMフリー,ブラック,192000,2026-10-08T21:43:19+09:00,2026-10-08,https://mobile-mix.jp/?category=7
mobile-mix,iPhone 18 Pro,512GB,未開封,SIMフリー,,240000,2026-10-08T21:43:19+09:00,2026-10-08,https://mobile-mix.jp/?category=7
mobile-mix,iPhone 18 Pro,512GB,未開封,SIMフリー,バーガンディ,240000,2026-10-08T21:43:19+09:00,2026-10-08,https://mobile-mix.jp/?category=7
mobile-mix,iPhone 18 Pro,512GB,未開封,SIMフリー,グレイシャー,224500,2026-10-08T21:43:19+09:00,2026-10-08,https://mobile-mix.jp/?category=7
mobile-mix,iPhone 18 Pro,512GB,未開封,SIMフリー,ブラック,224500,2026-10-08T21:43:19+09:00,2026-10-08,https://mobile-mix.jp/?category=7
mobile-mix,iPhone 18 Pro,1TB,未開封,SIMフリー,,300000,2026-10-08T21:43:19+09:00,2026-10-08,https://mobile-mix.jp/?category=7
mobile-mix,iPhone 18 Pro,1TB,未開封,SIMフリー,バーガンディ,300000,2026-10-08T21:43:19+09:00,2026-10-08,https://mobile-mix.jp/?category=7
アメモバ,iPhone 18 Pro,512GB,未開封,SIMフリー,,226000,2026-10-08T21:43:19+09:00,2026-10-06,https://amemoba.com/smartphone/iphone/iphone-18-pro/
アメモバ,iPhone 18 Pro,512GB,中古上限,SIMフリー,,214000,2026-10-08T21:43:19+09:00,2026-10-06,https://amemoba.com/smartphone/iphone/iphone-18-pro/
アメモバ,iPhone 18 Pro,1TB,未開封,SIMフリー,,287000,2026-10-08T21:43:19+09:00,2026-10-06,https://amemoba.com/smartphone/iphone/iphone-18-pro/
アメモバ,iPhone 18 Pro,2TB,未開封,SIMフリー,,365000,2026-10-08T21:43:19+09:00,2026-10-06,https://amemoba.com/smartphone/iphone/iphone-18-pro/
アメモバ,iPhone 18 Pro,256GB,未開封,au,,189000,2026-10-08T21:43:19+09:00,2026-10-06,https://amemoba.com/smartphone/iphone/iphone-18-pro/
アメモバ,iPhone 18 Pro,512GB,未開封,au,,216000,2026-10-08T21:43:19+09:00,2026-10-06,https://amemoba.com/smartphone/iphone/iphone-18-pro/
アメモバ,iPhone 18 Pro,512GB,中古上限,au,,214000,2026-10-08T21:43:19+09:00,2026-10-06,https://amemoba.com/smartphone/iphone/iphone-18-pro/
アメモバ,iPhone 18 Pro,256GB,未開封,docomo,,189000,2026-10-08T21:43:19+09:00,2026-10-06,https://amemoba.com/smartphone/iphone/iphone-18-pro/
アメモバ,iPhone 18 Pro,512GB,未開封,docomo,,216000,2026-10-08T21:43:19+09:00,2026-10-06,https://amemoba.com/smartphone/iphone/iphone-18-pro/
アメモバ,iPhone 18 Pro,512GB,中古上限,docomo,,214000,2026-10-08T21:43:19+09:00,2026-10-06,https://amemoba.com/smartphone/iphone/iphone-18-pro/
アメモバ,iPhone 18 Pro,256GB,未開封,SoftBank,,189000,2026-10-08T21:43:19+09:00,2026-10-06,https://amemoba.com/smartphone/iphone/iphone-18-pro/
アメモバ,iPhone 18 Pro,512GB,未開封,SoftBank,,216000,2026-10-08T21:43:19+09:00,2026-10-06,https://amemoba.com/smartphone/iphone/iphone-18-pro/
アメモバ,iPhone 18 Pro,512GB,中古上限,SoftBank,,214000,2026-10-08T21:43:19+09:00,2026-10-06,https://amemoba.com/smartphone/iphone/iphone-18-pro/
アメモバ,iPhone 18 Pro,256GB,未開封,Rakuten,,189000,2026-10-08T21:43:19+09:00,2026-10-06,https://amemoba.com/smartphone/iphone/iphone-18-pro/
アメモバ,iPhone 18 Pro,512GB,未開封,Rakuten,,216000,2026-10-08T21:43:19+09:00,2026-10-06,https://amemoba.com/smartphone/iphone/iphone-18-pro/
アメモバ,iPhone 18 Pro,512GB,中古上限,Rakuten,,214000,2026-10-08T21:43:19+09:00,2026-10-06,https://amemoba.com/smartphone/iphone/iphone-18-pro/
アメモバ,iPhone 18 Pro Max,256GB,未開封,SIMフリー,,225000,2026-10-08T21:43:19+09:00,2026-10-06,https://amemoba.com/smartphone/iphone/iphone-18pro-max/
アメモバ,iPhone 18 Pro Max,512GB,未開封,SIMフリー,,259000,2026-10-08T21:43:19+09:00,2026-10-06,https://amemoba.com/smartphone/iphone/iphone-18pro-max/
アメモバ,iPhone 18 Pro Max,1TB,未開封,SIMフリー,,323000,2026-10-08T21:43:19+09:00,2026-10-06,https://amemoba.com/smartphone/iphone/iphone-18pro-max/
mobile-mix,iPhone 18 Pro Max,256GB,未開封,SIMフリー,,242000,2026-10-09T13:18:29+09:00,2026-10-09,https://mobile-mix.jp/?category=7
mobile-mix,iPhone 18 Pro Max,256GB,未開封,SIMフリー,バーガンディ,242000,2026-10-09T13:18:29+09:00,2026-10-09,https://mobile-mix.jp/?category=7
mobile-mix,iPhone 18 Pro Max,256GB,未開封,SIMフリー,グレイシャー,225000,2026-10-09T13:18:29+09:00,2026-10-09,https://mobile-mix.jp/?category=7
mobile-mix,iPhone 18 Pro Max,256GB,未開封,SIMフリー,ブラック,225000,2026-10-09T13:18:29+09:00,2026-10-09,https://mobile-mix.jp/?category=7
mobile-mix,iPhone 18 Pro Max,256GB,未開封,SIMフリー,シルバー,223000,2026-10-09T13:18:29+09:00,2026-10-09,https://mobile-mix.jp/?category=7
mobile-mix,iPhone 18 Pro Max,512GB,未開封,SIMフリー,,278000,2026-10-09T13:18:29+09:00,2026-10-09,https://mobile-mix.jp/?category=7
mobile-mix,iPhone 18 Pro Max,512GB,未開封,SIMフリー,バーガンディ,278000,2026-10-09T13:18:29+09:00,2026-10-09,https://mobile-mix.jp/?category=7
mobile-mix,iPhone 18 Pro Max,512GB,未開封,SIMフリー,グレイシャー,263000,2026-10-09T13:18:29+09:00,2026-10-09,https://mobile-mix.jp/?category=7
mobile-mix,iPhone 18 Pro Max,512GB,未開封,SIMフリー,ブラック,263000,2026-10-09T13:18:29+09:00,2026-10-09,https://mobile-mix.jp/?category=7
mobile-mix,iPhone 18 Pro Max,512GB,未開封,SIMフリー,シルバー,260000,2026-10-09T13:18:29+09:00,2026-10-09,https://mobile-mix.jp/?category=7
mobile-mix,iPhone 18 Pro Max,1TB,未開封,SIMフリー,,341000,2026-10-09T13:18:29+09:00,2026-10-09,https://mobile-mix.jp/?category=7
mobile-mix,iPhone 18 Pro Max,1TB,未開封,SIMフリー,バーガンディ,341000,2026-10-09T13:18:29+09:00,2026-10-09,https://mobile-mix.jp/?category=7
mobile-mix,iPhone 18 Pro Max,1TB,未開封,SIMフリー,グレイシャー,327000,2026-10-09T13:18:29+09:00,2026-10-09,https://mobile-mix.jp/?category=7
mobile-mix,iPhone 18 Pro Max,1TB,未開封,SIMフリー,ブラック,327000,2026-10-09T13:18:29+09:00,2026-10-09,https://mobile-mix.jp/?category=7
mobile-mix,iPhone 18 Pro Max,1TB,未開封,SIMフリー,シルバー,323000,2026-10-09T13:18:29+09:00,2026-10-09,https://mobile-mix.jp/?category=7
mobile-mix,iPhone 18 Pro,256GB,未開封,SIMフリー,,211000,2026-10-09T13:18:29+09:00,2026-10-09,https://mobile-mix.jp/?category=7
mobile-mix,iPhone 18 Pro,256GB,未開封,SIMフリー,バーガンディ,211000,2026-10-09T13:18:29+09:00,2026-10-09,https://mobile-mix.jp/?category=7
mobile-mix,iPhone 18 Pro,256GB,未開封,SIMフリー,グレイシャー,195000,2026-10-09T13:18:29+09:00,2026-10-09,https://mobile-mix.jp/?category=7
mobile-mix,iPhone 18 Pro,256GB,未開封,SIMフリー,ブラック,195000,2026-10-09T13:18:29+09:00,2026-10-09,https://mobile-mix.jp/?category=7
mobile-mix,iPhone 18 Pro,512GB,未開封,SIMフリー,,247000,2026-10-09T13:18:29+09:00,2026-10-09,https://mobile-mix.jp/?category=7
mobile-mix,iPhone 18 Pro,512GB,未開封,SIMフリー,バーガンディ,247000,2026-10-09T13:18:29+09:00,2026-10-09,https://mobile-mix.jp/?category=7
mobile-mix,iPhone 18 Pro,512GB,未開封,SIMフリー,グレイシャー,235000,2026-10-09T13:18:29+09:00,2026-10-09,https://mobile-mix.jp/?category=7
mobile-mix,iPhone 18 Pro,512GB,未開封,SIMフリー,ブラック,235000,2026-10-09T13:18:29+09:00,2026-10-09,https://mobile-mix.jp/?category=7
mobile-mix,iPhone 18 Pro,1TB,未開封,SIMフリー,,308000,2026-10-09T13:18:29+09:00,2026-10-09,https://mobile-mix.jp/?category=7
mobile-mix,iPhone 18 Pro,1TB,未開封,SIMフリー,バーガンディ,308000,2026-10-09T13:18:29+09:00,2026-10-09,https://mobile-mix.jp/?category=7
アメモバ,iPhone 18 Pro,256GB,中古上限,SIMフリー,,185000,2026-10-09T13:18:29+09:00,2026-10-07,https://amemoba.com/smartphone/iphone/iphone-18-pro/
アメモバ,iPhone 18 Pro,512GB,未開封,SIMフリー,,229000,2026-10-09T13:18:29+09:00,2026-10-07,https://amemoba.com/smartphone/iphone/iphone-18-pro/
アメモバ,iPhone 18 Pro,512GB,中古上限,SIMフリー,,215000,2026-10-09T13:18:29+09:00,2026-10-07,https://amemoba.com/smartphone/iphone/iphone-18-pro/
アメモバ,iPhone 18 Pro,1TB,未開封,SIMフリー,,290000,2026-10-09T13:18:29+09:00,2026-10-07,https://amemoba.com/smartphone/iphone/iphone-18-pro/
アメモバ,iPhone 18 Pro,256GB,未開封,au,,188000,2026-10-09T13:18:29+09:00,2026-10-07,https://amemoba.com/smartphone/iphone/iphone-18-pro/
アメモバ,iPhone 18 Pro,256GB,中古上限,au,,185000,2026-10-09T13:18:29+09:00,2026-10-07,https://amemoba.com/smartphone/iphone/iphone-18-pro/
アメモバ,iPhone 18 Pro,512GB,未開封,au,,220000,2026-10-09T13:18:29+09:00,2026-10-07,https://amemoba.com/smartphone/iphone/iphone-18-pro/
アメモバ,iPhone 18 Pro,512GB,中古上限,au,,215000,2026-10-09T13:18:29+09:00,2026-10-07,https://amemoba.com/smartphone/iphone/iphone-18-pro/
アメモバ,iPhone 18 Pro,256GB,未開封,docomo,,188000,2026-10-09T13:18:29+09:00,2026-10-07,https://amemoba.com/smartphone/iphone/iphone-18-pro/
アメモバ,iPhone 18 Pro,256GB,中古上限,docomo,,185000,2026-10-09T13:18:29+09:00,2026-10-07,https://amemoba.com/smartphone/iphone/iphone-18-pro/
アメモバ,iPhone 18 Pro,512GB,未開封,docomo,,220000,2026-10-09T13:18:29+09:00,2026-10-07,https://amemoba.com/smartphone/iphone/iphone-18-pro/
アメモバ,iPhone 18 Pro,512GB,中古上限,docomo,,215000,2026-10-09T13:18:29+09:00,2026-10-07,https://amemoba.com/smartphone/iphone/iphone-18-pro/
アメモバ,iPhone 18 Pro,256GB,未開封,SoftBank,,188000,2026-10-09T13:18:29+09:00,2026-10-07,https://amemoba.com/smartphone/iphone/iphone-18-pro/
アメモバ,iPhone 18 Pro,256GB,中古上限,SoftBank,,185000,2026-10-09T13:18:29+09:00,2026-10-07,https://amemoba.com/smartphone/iphone/iphone-18-pro/
アメモバ,iPhone 18 Pro,512GB,未開封,SoftBank,,220000,2026-10-09T13:18:29+09:00,2026-10-07,https://amemoba.com/smartphone/iphone/iphone-18-pro/
アメモバ,iPhone 18 Pro,512GB,中古上限,SoftBank,,215000,2026-10-09T13:18:29+09:00,2026-10-07,https://amemoba.com/smartphone/iphone/iphone-18-pro/
アメモバ,iPhone 18 Pro,256GB,未開封,Rakuten,,188000,2026-10-09T13:18:29+09:00,2026-10-07,https://amemoba.com/smartphone/iphone/iphone-18-pro/
アメモバ,iPhone 18 Pro,256GB,中古上限,Rakuten,,185000,2026-10-09T13:18:29+09:00,2026-10-07,https://amemoba.com/smartphone/iphone/iphone-18-pro/
アメモバ,iPhone 18 Pro,512GB,未開封,Rakuten,,220000,2026-10-09T13:18:29+09:00,2026-10-07,https://amemoba.com/smartphone/iphone/iphone-18-pro/
アメモバ,iPhone 18 Pro,512GB,中古上限,Rakuten,,215000,2026-10-09T13:18:29+09:00,2026-10-07,https://amemoba.com/smartphone/iphone/iphone-18-pro/
アメモバ,iPhone 18 Pro Max,256GB,未開封,SIMフリー,,223000,2026-10-09T13:18:29+09:00,2026-10-07,https://amemoba.com/smartphone/iphone/iphone-18pro-max/
アメモバ,iPhone 18 Pro Max,512GB,未開封,SIMフリー,,262000,2026-10-09T13:18:29+09:00,2026-10-07,https://amemoba.com/smartphone/iphone/iphone-18pro-max/
アメモバ,iPhone 18 Pro Max,1TB,未開封,SIMフリー,,325000,2026-10-09T13:18:29+09:00,2026-10-07,https://amemoba.com/smartphone/iphone/iphone-18pro-max/
