run_at,shop,status,rows,error
2026-10-08T00:19:00+09:00,mobile-mix,ok,26,
2026-10-08T00:19:00+09:00,イオシス,ok,80,
2026-10-08T00:19:00+09:00,アメモバ,ok,80,
2026-10-08T13:12:51+09:00,mobile-mix,ok,25,
2026-10-08T13:12:51+09:00,イオシス,ok,80,
2026-10-08T13:12:51+09:00,アメモバ,ok,80,
2026-10-08T21:43:19+09:00,mobile-mix,ok,25,
2026-10-08T21:43:19+09:00,イオシス,ok,80,
2026-10-08T21:43:19+09:00,アメモバ,ok,80,
2026-10-09T13:18:29+09:00,mobile-mix,ok,25,
2026-10-09T13:18:29+09:00,イオシス,ok,80,
2026-10-09T13:18:29+09:00,アメモバ,ok,80,
2026-10-09T21:30:12+09:00,mobile-mix,ok,27,
2026-10-09T21:30:12+09:00,イオシス,ok,80,
2026-10-09T21:30:12+09:00,アメモバ,ok,80,
2026-10-09T23:55:17+09:00,mobile-mix,ok,73,
2026-10-09T23:55:17+09:00,イオシス,ok,200,
2026-10-09T23:55:17+09:00,アメモバ,ok,198,
2026-10-10T13:07:44+09:00,mobile-mix,ok,73,
2026-10-10T13:07:44+09:00,イオシス,ok,200,
2026-10-10T13:07:44+09:00,アメモバ,ok,198,
2026-10-10T20:53:46+09:00,mobile-mix,ok,73,
2026-10-10T20:53:46+09:00,イオシス,ok,200,
2026-10-10T20:53:46+09:00,アメモバ,ok,198,
2026-10-11T01:56:47+09:00,mobile-mix,ok,73,
2026-10-11T01:56:47+09:00,イオシス,ok,200,
2026-10-11T01:56:47+09:00,アメモバ,ok,198,
2026-10-11T12:42:53+09:00,mobile-mix,ok,73,
2026-10-11T12:42:53+09:00,イオシス,ok,200,
2026-10-11T12:42:53+09:00,アメモバ,ok,198,
