time,source_url,event,detail
2026-09-27 16:10:16,https://www.ptt.cc/bbs/MacShop/M.1790521418.A.B99.html,新刊登,iPhone 17 Pro 256GB $36000
2026-09-27 16:10:19,https://www.ptt.cc/bbs/MacShop/M.1790521828.A.C71.html,新刊登,iPhone 18 Pro 512GB $51000
2026-09-27 16:10:27,https://www.ptt.cc/bbs/MacShop/M.1790522890.A.B51.html,新刊登,iPhone 15 Pro Max 256GB $21000
2026-09-27 16:10:28,https://www.ptt.cc/bbs/MacShop/M.1790524360.A.9E9.html,新刊登,iPhone 15 Pro Max 256GB $19500
2026-09-27 16:10:30,https://www.ptt.cc/bbs/MacShop/M.1790514440.A.7CB.html,新刊登,iPhone 18 Pro 256GB $43800
2026-09-27 16:10:32,https://www.ptt.cc/bbs/MacShop/M.1790515845.A.BD7.html,新刊登,iPhone 14 Pro 128GB $9000
2026-09-27 16:10:35,https://www.ptt.cc/bbs/MacShop/M.1790515861.A.C91.html,新刊登,iPhone 12 Pro Max 256GB $7000
2026-09-27 16:10:36,https://www.ptt.cc/bbs/MacShop/M.1790516548.A.175.html,新刊登,iPhone 17 Pro 256GB $36000
2026-09-27 16:10:37,https://www.ptt.cc/bbs/MacShop/M.1790517895.A.BDD.html,新刊登,iPhone 12 Pro 256GB $5200
2026-09-27 16:10:39,https://www.ptt.cc/bbs/MacShop/M.1790520540.A.AF0.html,新刊登,iPhone 15 Pro Max 256GB $9500
2026-09-27 16:10:42,https://www.ptt.cc/bbs/MacShop/M.1790520561.A.C18.html,新刊登,iPhone XR 256GB $3300
2026-09-27 16:10:45,https://www.ptt.cc/bbs/MacShop/M.1790521065.A.D84.html,新刊登,iPhone 13 128GB $6500
2026-09-27 16:10:46,https://www.ptt.cc/bbs/MacShop/M.1790501842.A.5F1.html,新刊登,iPhone 15 Pro 128GB $14000
2026-09-27 16:10:48,https://www.ptt.cc/bbs/MacShop/M.1790502623.A.FA7.html,新刊登,iPhone 15 Pro 256GB $15500
2026-09-27 16:10:50,https://www.ptt.cc/bbs/MacShop/M.1790503318.A.753.html,新刊登,iPhone 14 128GB $7500
2026-09-27 16:10:51,https://www.ptt.cc/bbs/MacShop/M.1790503351.A.412.html,新刊登,iPhone 18 Pro Max 256GB $48200
2026-09-27 16:10:53,https://www.ptt.cc/bbs/MacShop/M.1790504314.A.B7C.html,新刊登,iPhone 17 Pro 512GB $35000
2026-09-27 16:10:55,https://www.ptt.cc/bbs/MacShop/M.1790507223.A.8EB.html,新刊登,iPhone 18 Pro Max 512GB $56900
2026-09-27 16:11:00,https://www.ptt.cc/bbs/MacShop/M.1790509608.A.E24.html,新刊登,iPhone 17 Pro Max 512GB $40000
2026-09-27 16:11:03,https://www.ptt.cc/bbs/MacShop/M.1790512638.A.F97.html,新刊登,iPhone 17 Pro Max 512GB $40000
2026-09-27 16:11:05,https://www.ptt.cc/bbs/MacShop/M.1790512678.A.980.html,新刊登,iPhone 13 128GB $7000
2026-09-27 16:11:07,https://www.ptt.cc/bbs/MacShop/M.1790513747.A.75C.html,新刊登,iPhone 18 Pro Max 256GB $48900
2026-09-27 16:11:09,https://www.ptt.cc/bbs/MacShop/M.1790487510.A.69C.html,新刊登,iPhone 16 128GB $17000
2026-09-27 16:11:11,https://www.ptt.cc/bbs/MacShop/M.1790490387.A.F33.html,新刊登,iPhone 17 Pro 256GB $29000
2026-09-27 16:11:14,https://www.ptt.cc/bbs/MacShop/M.1790493415.A.C7E.html,新刊登,iPhone 17 256GB $25900
2026-09-27 16:11:19,https://www.ptt.cc/bbs/MacShop/M.1790495828.A.659.html,新刊登,iPhone 15 Pro Max 512GB $21000
2026-09-27 16:11:22,https://www.ptt.cc/bbs/MacShop/M.1790498027.A.7FE.html,新刊登,iPhone 15 Pro 256GB $16500
2026-09-27 16:11:24,https://www.ptt.cc/bbs/MacShop/M.1790498362.A.3BE.html,新刊登,iPhone 15 Pro 256GB $16500
2026-09-27 16:11:26,https://www.ptt.cc/bbs/MacShop/M.1790476299.A.A6A.html,新刊登,iPhone 18 Pro Max 512GB $56900
2026-09-27 16:11:28,https://www.ptt.cc/bbs/MacShop/M.1790477000.A.824.html,新刊登,iPhone 17e 256GB $22000
2026-09-27 16:11:30,https://www.ptt.cc/bbs/MacShop/M.1790477599.A.9D7.html,新刊登,iPhone 16 Pro Max 512GB $32000
2026-09-27 16:11:33,https://www.ptt.cc/bbs/MacShop/M.1790478050.A.9A8.html,新刊登,iPhone 16 Pro Max 256GB $26000
2026-09-27 16:11:34,https://www.ptt.cc/bbs/MacShop/M.1790478685.A.CB8.html,新刊登,iPhone 18 Pro 256GB $42500
2026-09-27 16:11:36,https://www.ptt.cc/bbs/MacShop/M.1790479171.A.753.html,新刊登,iPhone 15 Pro Max 256GB $20500
2026-09-27 16:11:37,https://www.ptt.cc/bbs/MacShop/M.1790482726.A.C97.html,新刊登,iPhone 12 Pro 128GB $5300
2026-09-27 16:11:39,https://www.ptt.cc/bbs/MacShop/M.1790485530.A.1E3.html,新刊登,iPhone 14 Pro 128GB $8000
2026-09-27 16:11:41,https://www.ptt.cc/bbs/MacShop/M.1790486604.A.54E.html,新刊登,iPhone 18 Pro Max 512GB $56900
2026-09-27 16:11:42,https://www.ptt.cc/bbs/MacShop/M.1790444572.A.8E2.html,新刊登,iPhone 16 Pro Max 512GB $30000
2026-09-27 16:11:44,https://www.ptt.cc/bbs/MacShop/M.1790454946.A.E99.html,新刊登,iPhone 13 Pro 256GB $9000
2026-09-27 16:11:46,https://www.ptt.cc/bbs/MacShop/M.1790462375.A.F70.html,新刊登,iPhone 16 Pro 256GB $23000
2026-09-27 16:11:48,https://www.ptt.cc/bbs/MacShop/M.1790464626.A.15C.html,新刊登,iPhone 16 Pro 256GB $23000
2026-09-27 16:11:50,https://www.ptt.cc/bbs/MacShop/M.1790466734.A.B7A.html,新刊登,iPhone 17 Pro Max 256GB $34999
2026-09-27 16:11:53,https://www.ptt.cc/bbs/MacShop/M.1790470352.A.0A4.html,新刊登,iPhone 16 Pro 1TB $32000
2026-09-27 16:11:55,https://www.ptt.cc/bbs/MacShop/M.1790471710.A.78F.html,新刊登,iPhone 15 Pro Max 256GB $15000
2026-09-27 16:11:57,https://www.ptt.cc/bbs/MacShop/M.1790472051.A.4CD.html,新刊登,iPhone 17 Pro 256GB $30000
2026-09-27 16:11:59,https://www.ptt.cc/bbs/MacShop/M.1790474579.A.E92.html,新刊登,iPhone 14 Pro 128GB $6000
2026-09-27 16:12:01,https://www.ptt.cc/bbs/MacShop/M.1790476201.A.DB9.html,新刊登,iPhone 18 Pro 256GB $42000
2026-09-27 16:12:02,https://www.ptt.cc/bbs/MacShop/M.1790431980.A.323.html,新刊登,iPhone 16 Pro Max 256GB $25000
2026-09-27 16:12:05,https://www.ptt.cc/bbs/MacShop/M.1790432462.A.436.html,新刊登,iPhone 16 Pro Max 512GB $30500
2026-09-27 16:12:06,https://www.ptt.cc/bbs/MacShop/M.1790432536.A.344.html,新刊登,iPhone 17 Pro 256GB $36000
2026-09-27 16:12:08,https://www.ptt.cc/bbs/MacShop/M.1790432956.A.B1E.html,新刊登,iPhone 13 Pro 256GB $8500
2026-09-27 16:12:09,https://www.ptt.cc/bbs/MacShop/M.1790433302.A.F9E.html,新刊登,iPhone 16 Pro Max 256GB $25500
2026-09-27 16:12:11,https://www.ptt.cc/bbs/MacShop/M.1790434725.A.2B9.html,新刊登,iPhone 11 128GB $3000
2026-09-27 16:12:11,https://www.ptt.cc/bbs/MacShop/M.1790434725.A.2B9.html,狀態變更,在售 → 已售出
2026-09-27 16:12:14,https://www.ptt.cc/bbs/MacShop/M.1790436301.A.40D.html,新刊登,iPhone 14 Pro 128GB $9500
2026-09-27 16:12:15,https://www.ptt.cc/bbs/MacShop/M.1790436398.A.71F.html,新刊登,iPhone 16 Pro 256GB $23500
2026-09-27 16:12:18,https://www.ptt.cc/bbs/MacShop/M.1790441112.A.844.html,新刊登,iPhone 15 Plus 256GB $14800
2026-09-27 16:12:20,https://www.ptt.cc/bbs/MacShop/M.1790416607.A.231.html,新刊登,iPhone 18 Pro Max 1TB $71900
2026-09-27 16:12:24,https://www.ptt.cc/bbs/MacShop/M.1790418943.A.CF1.html,新刊登,iPhone 15 Pro 128GB $14000
2026-09-27 16:12:26,https://www.ptt.cc/bbs/MacShop/M.1790418960.A.914.html,新刊登,iPhone 16 Pro 128GB $18500
2026-09-27 16:12:28,https://www.ptt.cc/bbs/MacShop/M.1790421089.A.9AA.html,新刊登,iPhone 18 Pro 256GB $42000
2026-09-27 16:12:31,https://www.ptt.cc/bbs/MacShop/M.1790423186.A.EA2.html,新刊登,iPhone 16 Plus 256GB $20500
2026-09-27 16:12:31,https://www.ptt.cc/bbs/MacShop/M.1790423186.A.EA2.html,狀態變更,在售 → 已售出
2026-09-27 16:12:33,https://www.ptt.cc/bbs/MacShop/M.1790424149.A.858.html,新刊登,iPhone 17 Pro Max 256GB $39800
2026-09-27 16:12:36,https://www.ptt.cc/bbs/MacShop/M.1790425674.A.B4E.html,新刊登,iPhone 16 Pro 256GB $21900
2026-09-27 16:12:39,https://www.ptt.cc/bbs/MacShop/M.1790426194.A.4A4.html,新刊登,iPhone 17 Pro Max 256GB $35000
2026-09-27 16:12:41,https://www.ptt.cc/bbs/MacShop/M.1790428180.A.A4F.html,新刊登,iPhone 17 Pro 256GB $30000
2026-09-27 16:12:41,https://www.ptt.cc/bbs/MacShop/M.1790428180.A.A4F.html,狀態變更,在售 → 已售出
2026-09-27 16:12:42,https://www.ptt.cc/bbs/MacShop/M.1790428762.A.AE5.html,新刊登,iPhone 17 Pro 256GB $36500
2026-09-27 16:12:44,https://www.ptt.cc/bbs/MacShop/M.1790429020.A.DD7.html,新刊登,iPhone 15 Pro 256GB $13500
2026-09-27 16:12:44,https://www.ptt.cc/bbs/MacShop/M.1790429020.A.DD7.html,狀態變更,在售 → 已售出
2026-09-27 16:12:46,https://www.ptt.cc/bbs/MacShop/M.1790429139.A.1D8.html,新刊登,iPhone 14 Pro 256GB $11000
2026-09-27 16:12:48,https://www.ptt.cc/bbs/MacShop/M.1790406691.A.666.html,新刊登,iPhone 18 Pro Max 256GB $49000
2026-09-27 16:12:50,https://www.ptt.cc/bbs/MacShop/M.1790406973.A.9C9.html,新刊登,iPhone 17 Pro 256GB $36000
2026-09-27 16:12:53,https://www.ptt.cc/bbs/MacShop/M.1790407049.A.381.html,新刊登,iPhone 17 256GB $24000
2026-09-27 16:12:54,https://www.ptt.cc/bbs/MacShop/M.1790408736.A.E9A.html,新刊登,iPhone 17 Pro 256GB $31000
2026-09-27 16:12:54,https://www.ptt.cc/bbs/MacShop/M.1790408736.A.E9A.html,狀態變更,在售 → 已售出
2026-09-27 16:12:59,https://www.ptt.cc/bbs/MacShop/M.1790409481.A.04A.html,新刊登,iPhone 15 Pro 256GB $16500
2026-09-27 16:13:00,https://www.ptt.cc/bbs/MacShop/M.1790410011.A.4AD.html,新刊登,iPhone Air 512GB $28500
2026-09-27 16:13:02,https://www.ptt.cc/bbs/MacShop/M.1790410209.A.D92.html,新刊登,iPhone 16 Pro 256GB $22000
2026-09-27 16:13:05,https://www.ptt.cc/bbs/MacShop/M.1790414338.A.EB5.html,新刊登,iPhone 13 Pro 128GB $8000
2026-09-27 16:13:06,https://www.ptt.cc/bbs/MacShop/M.1790414862.A.A7F.html,新刊登,iPhone 18 Pro Max 512GB $56800
2026-09-27 16:13:08,https://www.ptt.cc/bbs/MacShop/M.1790391324.A.30C.html,新刊登,iPhone 16 Pro Max 256GB $7000
2026-09-27 16:13:10,https://www.ptt.cc/bbs/MacShop/M.1790394640.A.E45.html,新刊登,iPhone 17 Pro Max 未知 $1200
2026-09-27 16:13:13,https://www.ptt.cc/bbs/MacShop/M.1790395020.A.93C.html,新刊登,iPhone 14 Pro 128GB $11000
2026-09-27 16:13:16,https://www.ptt.cc/bbs/MacShop/M.1790395869.A.686.html,新刊登,iPhone 17 Pro Max 256GB $35000
2026-09-27 16:13:17,https://www.ptt.cc/bbs/MacShop/M.1790401616.A.B23.html,新刊登,iPhone 17 Pro 1TB $53900
2026-09-27 16:13:18,https://www.ptt.cc/bbs/MacShop/M.1790401633.A.7C2.html,新刊登,iPhone 8 Plus 64GB $1500
2026-09-27 16:13:20,https://www.ptt.cc/bbs/MacShop/M.1790402701.A.A04.html,新刊登,iPhone 18 Pro Max 256GB $48500
2026-09-27 16:13:20,https://www.ptt.cc/bbs/MacShop/M.1790402701.A.A04.html,狀態變更,在售 → 已售出
2026-09-27 16:13:22,https://www.ptt.cc/bbs/MacShop/M.1790406395.A.158.html,新刊登,iPhone 18 256GB $42500
2026-09-27 16:13:24,https://www.ptt.cc/bbs/MacShop/M.1790357299.A.F0A.html,新刊登,iPhone 14 Plus 256GB $10500
2026-09-27 16:13:26,https://www.ptt.cc/bbs/MacShop/M.1790366809.A.681.html,新刊登,iPhone 17 Pro 256GB $35800
2026-09-27 16:13:28,https://www.ptt.cc/bbs/MacShop/M.1790375628.A.1B6.html,新刊登,iPhone 14 Pro Max 256GB $13800
2026-09-27 16:13:28,https://www.ptt.cc/bbs/MacShop/M.1790375628.A.1B6.html,狀態變更,在售 → 已售出
2026-09-27 16:13:29,https://www.ptt.cc/bbs/MacShop/M.1790376118.A.511.html,新刊登,iPhone 15 Pro 256GB $17000
2026-09-27 16:13:31,https://www.ptt.cc/bbs/MacShop/M.1790379747.A.13F.html,新刊登,iPhone 16e 128GB $12000
2026-09-27 16:13:38,https://www.ptt.cc/bbs/MacShop/M.1790388234.A.B34.html,新刊登,iPhone 17 Pro Max 256GB $35000
2026-09-27 16:13:40,https://www.ptt.cc/bbs/MacShop/M.1790388548.A.CD5.html,新刊登,iPhone 14 Pro 256GB $11000
2026-09-27 16:13:40,https://www.ptt.cc/bbs/MacShop/M.1790388548.A.CD5.html,狀態變更,在售 → 已售出
2026-09-27 16:13:43,https://www.ptt.cc/bbs/MacShop/M.1790389074.A.B6B.html,新刊登,iPhone 18 Pro Max 512GB $55500
2026-09-27 16:13:46,https://www.ptt.cc/bbs/MacShop/M.1790390783.A.27D.html,新刊登,iPhone 17 Pro Max 512GB $38000
2026-09-27 16:13:51,https://www.ptt.cc/bbs/MacShop/M.1790345350.A.EA8.html,新刊登,iPhone 12 Pro Max 128GB $7500
2026-09-27 16:13:52,https://www.ptt.cc/bbs/MacShop/M.1790345994.A.7D5.html,新刊登,iPhone 13 mini 256GB $6500
2026-09-27 16:13:54,https://www.ptt.cc/bbs/MacShop/M.1790347291.A.4FD.html,新刊登,iPhone 16 Pro 512GB $25000
2026-09-27 16:13:56,https://www.ptt.cc/bbs/MacShop/M.1790348543.A.571.html,新刊登,iPhone 17 Pro Max 256GB $35000
2026-09-27 16:13:58,https://www.ptt.cc/bbs/MacShop/M.1790350525.A.17E.html,新刊登,iPhone 16 Pro Max 256GB $25000
2026-09-27 16:14:00,https://www.ptt.cc/bbs/MacShop/M.1790351673.A.8BA.html,新刊登,iPhone 16 Pro 256GB $16000
2026-09-27 16:14:02,https://www.ptt.cc/bbs/MacShop/M.1790352215.A.22F.html,新刊登,iPhone 17 Pro Max 512GB $39000
2026-09-27 16:14:02,https://www.ptt.cc/bbs/MacShop/M.1790352215.A.22F.html,狀態變更,在售 → 已售出
2026-09-27 16:14:04,https://www.ptt.cc/bbs/MacShop/M.1790352251.A.E4A.html,新刊登,iPhone 15 Pro 256GB $16500
2026-09-27 16:14:06,https://www.ptt.cc/bbs/MacShop/M.1790353187.A.95D.html,新刊登,iPhone 15 Pro 256GB $13000
2026-09-27 16:14:09,https://www.ptt.cc/bbs/MacShop/M.1790333497.A.860.html,新刊登,iPhone 18 Pro Max 256GB $48200
2026-09-27 16:14:12,https://www.ptt.cc/bbs/MacShop/M.1790337633.A.A81.html,新刊登,iPhone 15 Pro Max 256GB $19500
2026-09-27 16:14:13,https://www.ptt.cc/bbs/MacShop/M.1790337697.A.880.html,新刊登,iPhone 16 Pro Max 256GB $25500
2026-09-27 16:14:13,https://www.ptt.cc/bbs/MacShop/M.1790337697.A.880.html,狀態變更,在售 → 已售出
2026-09-27 16:14:15,https://www.ptt.cc/bbs/MacShop/M.1790337785.A.4FA.html,新刊登,iPhone 18 Pro 512GB $50500
2026-09-27 16:14:16,https://www.ptt.cc/bbs/MacShop/M.1790339021.A.A66.html,新刊登,iPhone 16 Pro 1TB $27000
2026-09-27 16:14:18,https://www.ptt.cc/bbs/MacShop/M.1790339366.A.D72.html,新刊登,iPhone 15 Pro Max 256GB $18000
2026-09-27 16:14:20,https://www.ptt.cc/bbs/MacShop/M.1790339390.A.A69.html,新刊登,iPhone 18 Pro 512GB $50000
2026-09-27 16:14:23,https://www.ptt.cc/bbs/MacShop/M.1790340036.A.F96.html,新刊登,iPhone 18 Pro Max 256GB $48000
2026-09-27 16:14:23,https://www.ptt.cc/bbs/MacShop/M.1790340036.A.F96.html,狀態變更,在售 → 已售出
2026-09-27 16:14:25,https://www.ptt.cc/bbs/MacShop/M.1790341767.A.46F.html,新刊登,iPhone 17 Pro 512GB $40000
2026-09-27 16:14:28,https://www.ptt.cc/bbs/MacShop/M.1790341818.A.303.html,新刊登,iPhone 18 Pro Max 512GB $56000
2026-09-27 16:14:28,https://www.ptt.cc/bbs/MacShop/M.1790341818.A.303.html,狀態變更,在售 → 已售出
2026-09-27 16:14:30,https://www.ptt.cc/bbs/MacShop/M.1790341951.A.935.html,新刊登,iPhone 18 Pro Max 256GB $40999
2026-09-27 16:14:30,https://www.ptt.cc/bbs/MacShop/M.1790341951.A.935.html,狀態變更,在售 → 已售出
2026-09-27 16:14:32,https://www.ptt.cc/bbs/MacShop/M.1790342071.A.650.html,新刊登,iPhone 16 Pro Max 256GB $25000
2026-09-27 16:14:34,https://www.ptt.cc/bbs/MacShop/M.1790343311.A.8DF.html,新刊登,iPhone 15 Pro Max 256GB $19000
2026-09-27 16:14:34,https://www.ptt.cc/bbs/MacShop/M.1790343311.A.8DF.html,狀態變更,在售 → 已售出
2026-09-27 16:14:37,https://www.ptt.cc/bbs/MacShop/M.1790343417.A.9D7.html,新刊登,iPhone 18 Pro Max 512GB $56300
2026-09-27 16:14:38,https://www.ptt.cc/bbs/MacShop/M.1790322176.A.E30.html,新刊登,iPhone 17 256GB $23500
2026-09-27 16:14:40,https://www.ptt.cc/bbs/MacShop/M.1790322794.A.1A4.html,新刊登,iPhone 15 Pro Max 256GB $19500
2026-09-27 16:14:42,https://www.ptt.cc/bbs/MacShop/M.1790323321.A.1E1.html,新刊登,iPhone 16 Pro 256GB $25000
2026-09-27 16:14:44,https://www.ptt.cc/bbs/MacShop/M.1790324817.A.F61.html,新刊登,iPhone 18 Pro Max 256GB $49000
2026-09-27 16:14:46,https://www.ptt.cc/bbs/MacShop/M.1790326406.A.EDC.html,新刊登,iPhone 15 Pro Max 512GB $22500
2026-09-27 16:14:48,https://www.ptt.cc/bbs/MacShop/M.1790326947.A.D8E.html,新刊登,iPhone 18 Pro 256GB $42500
2026-09-27 16:14:50,https://www.ptt.cc/bbs/MacShop/M.1790328065.A.527.html,新刊登,iPhone 17 Pro 256GB $29000
2026-09-27 16:14:52,https://www.ptt.cc/bbs/MacShop/M.1790328380.A.8B2.html,新刊登,iPhone 16 Pro 128GB $18500
2026-09-27 16:14:52,https://www.ptt.cc/bbs/MacShop/M.1790328380.A.8B2.html,狀態變更,在售 → 已售出
2026-09-27 16:14:54,https://www.ptt.cc/bbs/MacShop/M.1790328867.A.ADD.html,新刊登,iPhone 15 Pro Max 256GB $19000
2026-09-27 16:14:56,https://www.ptt.cc/bbs/MacShop/M.1790332366.A.416.html,新刊登,iPhone 15 Pro Max 256GB $19500
2026-09-27 16:14:57,https://www.ptt.cc/bbs/MacShop/M.1790312679.A.7F2.html,新刊登,iPhone 12 Pro Max 256GB $5000
2026-09-27 16:14:59,https://www.ptt.cc/bbs/MacShop/M.1790316885.A.1F4.html,新刊登,iPhone 17 Pro 256GB $29500
2026-09-27 16:15:01,https://www.ptt.cc/bbs/MacShop/M.1790318435.A.B4A.html,新刊登,iPhone 14 Pro Max 256GB $14500
2026-09-27 16:15:01,https://www.ptt.cc/bbs/MacShop/M.1790318435.A.B4A.html,狀態變更,在售 → 已售出
2026-09-27 16:15:03,https://www.ptt.cc/bbs/MacShop/M.1790319103.A.00E.html,新刊登,iPhone 18 Pro 256GB $43500
2026-09-27 16:15:05,https://www.ptt.cc/bbs/MacShop/M.1790319343.A.A0B.html,新刊登,iPhone 16 Pro 512GB $25000
2026-09-27 16:15:07,https://www.ptt.cc/bbs/MacShop/M.1790319368.A.20B.html,新刊登,iPhone 13 128GB $7000
2026-09-27 16:15:10,https://www.ptt.cc/bbs/MacShop/M.1790320602.A.151.html,新刊登,iPhone 16 Pro Max 256GB $25000
2026-09-27 16:15:12,https://www.ptt.cc/bbs/MacShop/M.1790320792.A.7A2.html,新刊登,iPhone 14 Pro 512GB $15000
2026-09-27 16:15:15,https://www.ptt.cc/bbs/MacShop/M.1790321518.A.387.html,新刊登,iPhone 17 Pro Max 512GB $38000
2026-09-27 16:15:16,https://www.ptt.cc/bbs/MacShop/M.1790321652.A.145.html,新刊登,iPhone 18 Pro 256GB $43000
2026-09-27 16:15:22,https://www.ptt.cc/bbs/MacShop/M.1790304955.A.061.html,新刊登,iPhone 17 Pro Max 256GB $35000
2026-09-27 16:15:25,https://www.ptt.cc/bbs/MacShop/M.1790307207.A.AE1.html,新刊登,iPhone 16 Pro Max 256GB $27500
2026-09-27 16:15:25,https://www.ptt.cc/bbs/MacShop/M.1790307207.A.AE1.html,狀態變更,在售 → 已售出
2026-09-27 16:15:26,https://www.ptt.cc/bbs/MacShop/M.1790307989.A.AB2.html,新刊登,iPhone 17 Pro Max 256GB $33000
2026-09-27 16:15:27,https://www.ptt.cc/bbs/MacShop/M.1790308201.A.E8A.html,新刊登,iPhone 18 Pro Max 256GB $49000
2026-09-27 16:15:29,https://www.ptt.cc/bbs/MacShop/M.1790308517.A.831.html,新刊登,iPhone 18 Pro 256GB $42500
2026-09-27 16:15:29,https://www.ptt.cc/bbs/MacShop/M.1790308517.A.831.html,狀態變更,在售 → 已售出
2026-09-27 16:15:31,https://www.ptt.cc/bbs/MacShop/M.1790308723.A.CA4.html,新刊登,iPhone 17 256GB $26500
2026-09-27 16:15:31,https://www.ptt.cc/bbs/MacShop/M.1790308723.A.CA4.html,狀態變更,在售 → 已售出
2026-09-27 16:15:33,https://www.ptt.cc/bbs/MacShop/M.1790309697.A.706.html,新刊登,iPhone 16 Pro Max 256GB $28000
2026-09-27 16:15:34,https://www.ptt.cc/bbs/MacShop/M.1790310550.A.940.html,新刊登,iPhone 17 Pro Max 1TB $43000
2026-09-27 16:15:36,https://www.ptt.cc/bbs/MacShop/M.1790311298.A.7A8.html,新刊登,iPhone 18 Pro Max 256GB $49900
2026-09-27 16:15:39,https://www.ptt.cc/bbs/MacShop/M.1790312069.A.893.html,新刊登,iPhone 13 mini 128GB $6000
2026-09-27 16:15:42,https://www.ptt.cc/bbs/MacShop/M.1790269212.A.A05.html,新刊登,iPhone 16 Pro 256GB $21000
2026-09-27 16:15:44,https://www.ptt.cc/bbs/MacShop/M.1790271042.A.442.html,新刊登,iPhone 15 Pro 512GB $17000
2026-09-27 16:15:44,https://www.ptt.cc/bbs/MacShop/M.1790271042.A.442.html,狀態變更,在售 → 已售出
2026-09-27 16:15:47,https://www.ptt.cc/bbs/MacShop/M.1790271508.A.03A.html,新刊登,iPhone 18 Pro Max 512GB $54800
2026-09-27 16:15:47,https://www.ptt.cc/bbs/MacShop/M.1790271508.A.03A.html,狀態變更,在售 → 已售出
2026-09-27 16:15:48,https://www.ptt.cc/bbs/MacShop/M.1790272277.A.E57.html,新刊登,iPhone 18 Pro 256GB $43000
2026-09-27 16:15:51,https://www.ptt.cc/bbs/MacShop/M.1790287630.A.FC3.html,新刊登,iPhone 18 Pro Max 512GB $55500
2026-09-27 16:15:53,https://www.ptt.cc/bbs/MacShop/M.1790288221.A.E16.html,新刊登,iPhone 17 Pro 256GB $30000
2026-09-27 16:15:55,https://www.ptt.cc/bbs/MacShop/M.1790297331.A.C4D.html,新刊登,iPhone 18 Pro Max 512GB $54900
2026-09-27 16:15:58,https://www.ptt.cc/bbs/MacShop/M.1790298528.A.DEC.html,新刊登,iPhone 18 Pro Max 512GB $54900
2026-09-27 16:15:59,https://www.ptt.cc/bbs/MacShop/M.1790298852.A.F3C.html,新刊登,iPhone 17 256GB $25000
2026-09-27 16:16:01,https://www.ptt.cc/bbs/MacShop/M.1790266674.A.CA2.html,新刊登,iPhone 17 256GB $29500
2026-09-27 16:16:03,https://www.ptt.cc/bbs/MacShop/M.1790267794.A.550.html,新刊登,iPhone 16 Pro Max 512GB $31000
2026-09-27 16:16:05,https://www.ptt.cc/bbs/MacShop/M.1790267817.A.F69.html,新刊登,iPhone 17 Pro Max 256GB $40000
2026-09-27 16:16:08,https://www.ptt.cc/bbs/MacShop/M.1790267875.A.235.html,新刊登,iPhone 17 256GB $23000
2026-09-27 16:16:08,https://www.ptt.cc/bbs/MacShop/M.1790267875.A.235.html,狀態變更,在售 → 已售出
2026-09-27 16:16:10,https://www.ptt.cc/bbs/MacShop/M.1790268301.A.9A6.html,新刊登,iPhone 15 Pro 128GB $15000
2026-09-27 16:16:12,https://www.ptt.cc/bbs/MacShop/M.1774548985.A.727.html,狀態變更,在售 → 已售出
2026-09-27 16:16:13,https://www.ptt.cc/bbs/MacShop/M.1774542566.A.4C6.html,狀態變更,在售 → 已售出
2026-09-27 16:57:28,https://www.ptt.cc/bbs/MacShop/M.1790525894.A.A53.html,新刊登,iPhone 16 Pro 256GB $20900
2026-09-27 16:57:29,https://www.ptt.cc/bbs/MacShop/M.1790526940.A.D78.html,新刊登,iPhone 18 Pro Max 512GB $56000
2026-09-27 16:57:31,https://www.ptt.cc/bbs/MacShop/M.1790527119.A.66E.html,新刊登,iPhone 14 Pro 256GB $11800
2026-09-27 16:57:33,https://www.ptt.cc/bbs/MacShop/M.1790527845.A.276.html,新刊登,iPhone 17 Pro 256GB $30000
2026-09-27 20:32:05,https://www.ptt.cc/bbs/MacShop/M.1790531934.A.5A3.html,新刊登,iPhone 17 Pro Max 512GB $37000
2026-09-27 20:32:06,https://www.ptt.cc/bbs/MacShop/M.1790533300.A.683.html,新刊登,iPhone 17 256GB $29000
2026-09-27 20:32:08,https://www.ptt.cc/bbs/MacShop/M.1790534892.A.53C.html,新刊登,iPhone 17 Pro 256GB $37500
2026-09-27 20:32:10,https://www.ptt.cc/bbs/MacShop/M.1790534984.A.E99.html,新刊登,iPhone 13 Pro 128GB $7500
2026-09-27 20:32:12,https://www.ptt.cc/bbs/MacShop/M.1790534987.A.420.html,新刊登,iPhone 18 Pro 256GB $43000
2026-09-28 02:12:25,https://www.ptt.cc/bbs/MacShop/M.1790552685.A.CBF.html,新刊登,iPhone 17 Pro 256GB $29000
2026-09-28 02:12:30,https://www.ptt.cc/bbs/MacShop/M.1790553824.A.9F8.html,新刊登,iPhone 13 Pro 256GB $8500
2026-09-28 02:12:31,https://www.ptt.cc/bbs/MacShop/M.1790557737.A.38F.html,新刊登,iPhone 17 Pro 256GB $28500
2026-09-28 02:12:33,https://www.ptt.cc/bbs/MacShop/M.1790559744.A.931.html,新刊登,iPhone 15 Pro 512GB $17000
2026-09-28 02:12:49,https://www.ptt.cc/bbs/MacShop/M.1790527845.A.276.html,價格變動,30000 → 29000
2026-09-28 02:13:12,https://www.ptt.cc/bbs/MacShop/M.1790517895.A.BDD.html,狀態變更,在售 → 已售出
2026-09-28 02:14:03,https://www.ptt.cc/bbs/MacShop/M.1790479171.A.753.html,價格變動,20500 → 20000
2026-09-28 02:14:50,https://www.ptt.cc/bbs/MacShop/M.1790418943.A.CF1.html,狀態變更,在售 → 已售出
2026-09-28 12:09:44,https://www.ptt.cc/bbs/MacShop/M.1790591211.A.525.html,新刊登,iPhone 18 Pro 256GB $44500
2026-09-28 12:09:46,https://www.ptt.cc/bbs/MacShop/M.1790591757.A.BA4.html,新刊登,iPhone 17 Pro 256GB $32000
2026-09-28 12:09:47,https://www.ptt.cc/bbs/MacShop/M.1790595068.A.C8B.html,新刊登,iPhone 18 Pro 256GB $40000
2026-09-28 12:09:50,https://www.ptt.cc/bbs/MacShop/M.1790595307.A.8A2.html,新刊登,iPhone 17 Pro Max 2TB $45000
2026-09-28 12:09:52,https://www.ptt.cc/bbs/MacShop/M.1790581964.A.110.html,新刊登,iPhone 15 Pro 128GB $14000
2026-09-28 12:09:53,https://www.ptt.cc/bbs/MacShop/M.1790584306.A.7DC.html,新刊登,iPhone 17 512GB $28000
2026-09-28 12:09:55,https://www.ptt.cc/bbs/MacShop/M.1790584681.A.086.html,新刊登,iPhone 16 Pro 128GB $20000
2026-09-28 12:09:57,https://www.ptt.cc/bbs/MacShop/M.1790584877.A.DDB.html,新刊登,iPhone 15 Pro 256GB $16000
2026-09-28 12:09:58,https://www.ptt.cc/bbs/MacShop/M.1790573188.A.838.html,新刊登,iPhone 18 Pro Max 1TB $70900
2026-09-28 12:10:00,https://www.ptt.cc/bbs/MacShop/M.1790576007.A.DC9.html,新刊登,iPhone 17 Pro 256GB $29000
2026-09-28 12:10:01,https://www.ptt.cc/bbs/MacShop/M.1790576714.A.E4B.html,新刊登,iPhone 17 Pro 512GB $34000
2026-09-28 12:10:04,https://www.ptt.cc/bbs/MacShop/M.1790576957.A.41C.html,新刊登,iPhone 17 Pro 256GB $30000
2026-09-28 12:10:05,https://www.ptt.cc/bbs/MacShop/M.1790578071.A.547.html,新刊登,iPhone 13 128GB $7000
2026-09-28 12:10:08,https://www.ptt.cc/bbs/MacShop/M.1790578087.A.ED4.html,新刊登,iPhone 15 Pro Max 256GB $19500
2026-09-28 12:10:09,https://www.ptt.cc/bbs/MacShop/M.1790578517.A.64A.html,新刊登,iPhone 17 Pro 256GB $29000
2026-09-28 12:10:10,https://www.ptt.cc/bbs/MacShop/M.1790579223.A.0A8.html,新刊登,iPhone 17 Pro Max 256GB $34500
2026-09-28 12:10:15,https://www.ptt.cc/bbs/MacShop/M.1790566166.A.CD2.html,新刊登,iPhone 18 Pro Max 512GB $55000
2026-09-28 12:10:16,https://www.ptt.cc/bbs/MacShop/M.1790566512.A.4C4.html,新刊登,iPhone 17 Pro Max 256GB $39000
2026-09-28 12:10:19,https://www.ptt.cc/bbs/MacShop/M.1790566936.A.687.html,新刊登,iPhone 16 Pro Max 256GB $25500
2026-09-28 12:10:20,https://www.ptt.cc/bbs/MacShop/M.1790568211.A.DCF.html,新刊登,iPhone 13 Pro Max 256GB $11000
2026-09-28 12:10:22,https://www.ptt.cc/bbs/MacShop/M.1790568499.A.958.html,新刊登,iPhone 18 Pro 256GB $42500
2026-09-28 12:10:24,https://www.ptt.cc/bbs/MacShop/M.1790569649.A.62C.html,新刊登,iPhone 18 Pro Max 512GB $54900
2026-09-28 12:10:28,https://www.ptt.cc/bbs/MacShop/M.1790570174.A.BCC.html,新刊登,iPhone 18 Pro Max 512GB $54500
2026-09-28 12:10:30,https://www.ptt.cc/bbs/MacShop/M.1790572243.A.A09.html,新刊登,iPhone 17 Pro Max 256GB $34500
2026-09-28 12:10:42,https://www.ptt.cc/bbs/MacShop/M.1790563665.A.630.html,新刊登,iPhone 17 Pro Max 512GB $39500
2026-09-28 12:10:44,https://www.ptt.cc/bbs/MacShop/M.1790564216.A.48B.html,新刊登,iPhone 17 Pro Max 512GB $38000
2026-09-28 12:10:45,https://www.ptt.cc/bbs/MacShop/M.1790564424.A.917.html,新刊登,iPhone 12 256GB $5500
2026-09-28 12:10:48,https://www.ptt.cc/bbs/MacShop/M.1790564568.A.B4C.html,新刊登,"iPhone18promax 1T藍
可憑商品序號至 Apple官網查詢 https://apple.co/3l6By0R 1TB $71000"
2026-09-28 12:10:55,https://www.ptt.cc/bbs/MacShop/M.1790522890.A.B51.html,狀態變更,在售 → 已售出
2026-09-28 12:11:12,https://www.ptt.cc/bbs/MacShop/M.1790534984.A.E99.html,狀態變更,在售 → 已售出
2026-09-28 12:11:22,https://www.ptt.cc/bbs/MacShop/M.1790515861.A.C91.html,狀態變更,在售 → 已售出
2026-09-28 12:11:43,https://www.ptt.cc/bbs/MacShop/M.1790507223.A.8EB.html,價格變動,56900 → 56000
2026-09-28 12:12:03,https://www.ptt.cc/bbs/MacShop/M.1790495828.A.659.html,狀態變更,在售 → 已售出
2026-09-28 12:12:18,https://www.ptt.cc/bbs/MacShop/M.1790478685.A.CB8.html,狀態變更,在售 → 已售出
2026-09-28 12:12:27,https://www.ptt.cc/bbs/MacShop/M.1790444572.A.8E2.html,狀態變更,在售 → 已售出
2026-09-28 12:12:43,https://www.ptt.cc/bbs/MacShop/M.1790474579.A.E92.html,狀態變更,在售 → 已售出
2026-09-28 12:13:40,https://www.ptt.cc/bbs/MacShop/M.1790409481.A.04A.html,狀態變更,在售 → 已售出
2026-09-28 12:14:14,https://www.ptt.cc/bbs/MacShop/M.1790379747.A.13F.html,狀態變更,在售 → 已售出
2026-09-28 12:15:27,https://www.ptt.cc/bbs/MacShop/M.1790322794.A.1A4.html,狀態變更,在售 → 已售出
