scrape_timestamp,post_date,model,storage,全新未拆封機,battery_health,price,warranty,是否已售出,notes,source_url
2026-03-27 01:15:45,2026-03-27,iPhone 17 pro max,256GB,否,,41500,一年,否,原廠配件,https://www.ptt.cc/bbs/MacShop/M.1774537642.A.6A6.html
2026-03-27 01:16:01,2026-03-27,iPhone 15 pro max,256GB,否,87,20000,無保固,否,"外觀良好,附贈約5片保護貼和2個保護殼",https://www.ptt.cc/bbs/MacShop/M.1774539665.A.972.html
2026-03-27 01:16:16,2026-03-27,iPhone 14,128GB,否,77,7000,無保固,否,外觀良好,https://www.ptt.cc/bbs/MacShop/M.1774541141.A.CFA.html
2026-03-27 01:16:32,2026-03-26,iphone 11 pro,256GB,否,,4800,無保固,否,原廠盒子+原廠全新耳機+原廠皮革保護殼，附全新閃魔保護貼（有貼膜神器）,https://www.ptt.cc/bbs/MacShop/M.1774534474.A.0CA.html
2026-03-27 01:16:51,2026-03-26,iPhone 13 Pro,256GB,否,80,9000,無保固,否,手機保護完整無傷痕，電池健康度80%，無拆封記錄，手機剛換全新玻璃貼，無刮痕，多送充電線和手機殼,https://www.ptt.cc/bbs/MacShop/M.1774536411.A.386.html
2026-03-27 01:17:06,2026-03-26,iPhone 14,256GB,否,81,8000,無保固,否,無維修紀錄 功能皆正常,https://www.ptt.cc/bbs/MacShop/M.1774536461.A.DA6.html
2026-03-27 01:17:22,2026-03-26,iPhone 14 Pro,256GB,否,78,11000,無保固,否,外觀如新，無任何損傷,https://www.ptt.cc/bbs/MacShop/M.1774536558.A.693.html
2026-03-27 01:17:40,2026-03-27,iPhone Air,256GB,否,100,29000,2026/09/20,否,"外觀近全新, 保護貼細小刮痕, 保護殼角落掉漆",https://www.ptt.cc/bbs/MacShop/M.1774537603.A.188.html
2026-03-27 04:04:32,2026-03-27,iPhone 14 Pro,256GB,否,,11000,無保固,否,原廠盒裝 無充電線，附一片閃魔保護貼，若有需要可附上豆腐頭跟一條二手2m犀牛盾充電線,https://www.ptt.cc/bbs/MacShop/M.1774541763.A.FC1.html
2026-03-27 04:04:50,2026-03-27,iPhone 14 plus,256GB,否,92,11000,無保固,否,"外觀有傷, 電池 92%, iOS: 17.7.1, 附手機殼",https://www.ptt.cc/bbs/MacShop/M.1774542566.A.4C6.html
2026-03-27 04:05:04,2026-03-27,iPhone 16 Pro Max,512GB,否,,31000,無保固,否,盒裝配件包含SIM卡針、充電線、保護貼、手機殼,https://www.ptt.cc/bbs/MacShop/M.1774548985.A.727.html
