model,storage,全新未拆封機,刊登數,已售出數,售出率,刊登價中位數,成交價中位數(已售標價),最低價,最高價,平均電池,售出天數中位數
iPhone 11 Pro,256GB,否,1,0,0%,4800,,4800,4800,,
iPhone 13 Pro,256GB,否,1,0,0%,9000,,9000,9000,80,
iPhone 14,128GB,否,1,0,0%,7000,,7000,7000,77,
iPhone 14,256GB,否,1,0,0%,8000,,8000,8000,81,
iPhone 14 Plus,256GB,否,1,0,0%,11000,,11000,11000,92,
iPhone 14 Pro,256GB,否,2,0,0%,11000,,11000,11000,78,
iPhone 15 Pro Max,256GB,否,1,0,0%,20000,,20000,20000,87,
iPhone 16 Pro Max,512GB,否,1,0,0%,31000,,31000,31000,,
iPhone 17 Pro Max,256GB,否,1,0,0%,41500,,41500,41500,,
iPhone Air,256GB,否,1,0,0%,29000,,29000,29000,100,
