source_url,item_no,post_time,title,model,storage,全新未拆封機,battery_health,price,first_seen
https://www.ptt.cc/bbs/MacShop/M.1791364550.A.836.html,1,2026-10-07 17:15:50,[販售] 新竹 iPhone 15Pro 256/iPhone 14Pro 256,iPhone 15 Pro,256GB,否,,15500,2026-10-07 20:10:46
https://www.ptt.cc/bbs/MacShop/M.1791364550.A.836.html,2,2026-10-07 17:15:50,[販售] 新竹 iPhone 15Pro 256/iPhone 14Pro 256,iPhone 14 Pro,256GB,否,,11500,2026-10-07 20:10:46
https://www.ptt.cc/bbs/MacShop/M.1791299363.A.225.html,1,2026-10-06 23:09:23,[販售] 高雄iPhone 15 pro max/SE2 iPod touch6,iPhone 15 Pro Max,512GB,否,100,20000,2026-10-06 23:41:12
https://www.ptt.cc/bbs/MacShop/M.1791299363.A.225.html,2,2026-10-06 23:09:23,[販售] 高雄iPhone 15 pro max/SE2 iPod touch6,iPhone SE2,64GB,否,83,2000,2026-10-06 23:41:12
https://www.ptt.cc/bbs/MacShop/M.1791295309.A.8A8.html,1,2026-10-06 22:01:49,[販售] 新竹 iphone  17 pro max / airpods 5,iPhone 17 Pro Max,256GB,否,,36000,2026-10-06 22:43:30
https://www.ptt.cc/bbs/MacShop/M.1791266084.A.49E.html,1,2026-10-06 13:54:44,[販售] 新北 iphone 17 pro,iPhone 17 Pro,256GB,是,100,35500,2026-10-06 22:44:06
https://www.ptt.cc/bbs/MacShop/M.1791211135.A.F1D.html,1,2026-10-05 22:38:55,[販售] 台南 iphone18 pm 256g 藍/Airpods pro3,iPhone 18 Pro Max,256GB,是,100,49000,2026-10-06 22:44:32
https://www.ptt.cc/bbs/MacShop/M.1791049613.A.F72.html,1,2026-10-04 01:46:53,[販售] 雙北 iPhone 17/17Pro/MacBook Pro/iPad,iPhone 17 Pro,256GB,是,100,35000,2026-10-06 22:47:11
https://www.ptt.cc/bbs/MacShop/M.1791049613.A.F72.html,2,2026-10-04 01:46:53,[販售] 雙北 iPhone 17/17Pro/MacBook Pro/iPad,iPhone 17,256GB,否,100,24000,2026-10-06 22:47:11
https://www.ptt.cc/bbs/MacShop/M.1791044511.A.A6E.html,1,2026-10-04 00:21:51,[販售] 台北 Airpods5 iPhone17 Pro256 銀 新 耳機非無線充電版,iPhone 17 Pro,256GB,否,,35600,2026-10-06 22:47:10
https://www.ptt.cc/bbs/MacShop/M.1791041622.A.58D.html,1,2026-10-03 23:33:42,[販售] 雙北 iPhone 17 Pro 256 銀 及手機殼,iPhone 17 Pro,256GB,否,,29000,2026-10-06 22:47:04
https://www.ptt.cc/bbs/MacShop/M.1791016469.A.0A2.html,1,2026-10-03 16:34:29,[販售] 台中 iphone15pro ipadmini5,iPhone 15 Pro,256GB,否,,15500,2026-10-06 22:47:55
https://www.ptt.cc/bbs/MacShop/M.1790991817.A.768.html,1,2026-10-03 09:43:37,[販售] 高屏 iPhone 17 pro銀512g/16 綠 512g,iPhone 17 Pro,512GB,否,95,36000,2026-10-06 22:48:31
https://www.ptt.cc/bbs/MacShop/M.1790991817.A.768.html,2,2026-10-03 09:43:37,[販售] 高屏 iPhone 17 pro銀512g/16 綠 512g,iPhone 16,512GB,否,76,16000,2026-10-06 22:48:31
https://www.ptt.cc/bbs/MacShop/M.1790968607.A.C50.html,1,2026-10-03 03:16:47,,iPhone 18 Pro,512GB,否,,49200,2026-10-06 22:48:46
https://www.ptt.cc/bbs/MacShop/M.1790968607.A.C50.html,2,2026-10-03 03:16:47,,iPhone 13,128GB,否,,5000,2026-10-06 22:48:46
https://www.ptt.cc/bbs/MacShop/M.1790950049.A.23F.html,1,2026-10-02 22:07:29,[販售] 雙北iPhone 16 Pro 512G沙漠金/Airpods,iPhone 16 Pro,512GB,否,,25000,2026-10-06 22:49:08
https://www.ptt.cc/bbs/MacShop/M.1790947691.A.F45.html,1,2026-10-02 21:28:11,[販售] 北桃 iPhone 17 Pro Max 1T 銀/1T 橙橘,iPhone 17 Pro Max,1TB,否,98,48000,2026-10-06 22:49:15
https://www.ptt.cc/bbs/MacShop/M.1790947691.A.F45.html,2,2026-10-02 21:28:11,[販售] 北桃 iPhone 17 Pro Max 1T 銀/1T 橙橘,iPhone 17 Pro Max,1TB,否,97,48000,2026-10-06 22:49:15
https://www.ptt.cc/bbs/MacShop/M.1790900769.A.2BE.html,1,2026-10-02 08:26:09,[販售] 台南 iphone 14 ProMax 256 黑 Airpods 5,iPhone 14 Pro Max,256GB,否,78,13000,2026-10-06 22:49:48
https://www.ptt.cc/bbs/MacShop/M.1790878506.A.A18.html,1,2026-10-02 02:15:06,[販售] 新北 iPhone 17 256G 紫 / AirPods 5無線,iPhone 17,256GB,是,100,29500,2026-10-06 22:49:56
https://www.ptt.cc/bbs/MacShop/M.1790827618.A.0DA.html,1,2026-10-01 12:06:58,[販售]  台北 iPhone 18 Pro max藍/16 Pro Max金,iPhone 18 Pro Max,256GB,否,,49500,2026-10-06 22:51:15
https://www.ptt.cc/bbs/MacShop/M.1790827618.A.0DA.html,2,2026-10-01 12:06:58,[販售]  台北 iPhone 18 Pro max藍/16 Pro Max金,iPhone 16 Pro Max,256GB,否,,25500,2026-10-06 22:51:15
https://www.ptt.cc/bbs/MacShop/M.1790805333.A.27C.html,1,2026-10-01 05:55:33,[販售] 台北 iPhone 15 pro max/Apple TV 2代,iPhone 15 Pro Max,256GB,否,,20900,2026-10-06 22:51:30
https://www.ptt.cc/bbs/MacShop/M.1790763557.A.BEC.html,1,2026-09-30 18:19:17,[販售] 雙北 iPhone 12 / 13 / 15,iPhone 12,128GB,否,,4800,2026-10-06 22:52:25
https://www.ptt.cc/bbs/MacShop/M.1790763557.A.BEC.html,2,2026-09-30 18:19:17,[販售] 雙北 iPhone 12 / 13 / 15,iPhone 13,128GB,否,,5500,2026-10-06 22:52:25
https://www.ptt.cc/bbs/MacShop/M.1790763557.A.BEC.html,3,2026-09-30 18:19:17,[販售] 雙北 iPhone 12 / 13 / 15,iPhone 13,128GB,否,,6000,2026-10-06 22:52:25
https://www.ptt.cc/bbs/MacShop/M.1790763557.A.BEC.html,4,2026-09-30 18:19:17,[販售] 雙北 iPhone 12 / 13 / 15,iPhone 15,128GB,否,,10000,2026-10-06 22:52:25
https://www.ptt.cc/bbs/MacShop/M.1790733516.A.141.html,1,2026-09-30 09:58:36,[販售] 雙北 iPhone 16 Pro Max / Watch Ultra,iPhone 16 Pro Max,256GB,否,,23500,2026-10-06 22:52:56
https://www.ptt.cc/bbs/MacShop/M.1790697792.A.D70.html,1,2026-09-30 00:03:12,[販售] 高雄 iPhone 17 Pro 256G/16 Pro 512G,iPhone 17 Pro,256GB,否,,27500,2026-10-06 22:53:13
https://www.ptt.cc/bbs/MacShop/M.1790697792.A.D70.html,2,2026-09-30 00:03:12,[販售] 高雄 iPhone 17 Pro 256G/16 Pro 512G,iPhone 16 Pro,512GB,否,,25000,2026-10-06 22:53:13
https://www.ptt.cc/bbs/MacShop/M.1790619228.A.4B5.html,1,2026-09-29 02:13:48,雙北 iPhone 17 Pro 1TB 橘/iPad mini2,iPhone 17 Pro,1TB,否,91,43000,2026-10-06 22:54:27
https://www.ptt.cc/bbs/MacShop/M.1790618816.A.F63.html,1,2026-09-29 02:06:56,[販售] 新北 iPad mini6 /iPhone mini13,iPhone 13 mini,128GB,否,,6500,2026-10-06 22:54:29
https://www.ptt.cc/bbs/MacShop/M.1790579262.A.652.html,1,2026-09-28 15:07:42,[販售] 台北 Mac mini m4 iPhone 16 pro 256G金,iPhone 16 Pro,256GB,否,,23000,2026-10-06 22:54:53
https://www.ptt.cc/bbs/MacShop/M.1790569812.A.794.html,1,2026-09-28 12:30:12,[販售] 桃園 iPhone X 64 + iPhone 14 Pro 256,iPhone X,64GB,否,,1000,2026-10-06 22:55:07
https://www.ptt.cc/bbs/MacShop/M.1790569812.A.794.html,2,2026-09-28 12:30:12,[販售] 桃園 iPhone X 64 + iPhone 14 Pro 256,iPhone 14 Pro,256GB,否,,11500,2026-10-06 22:55:07
https://www.ptt.cc/bbs/MacShop/M.1790539627.A.7C5.html,1,2026-09-28 04:07:07,[販售] 雙北 二手iPhone 13/13pro  128G,iPhone 13,128GB,否,,6500,2026-10-06 22:55:42
https://www.ptt.cc/bbs/MacShop/M.1790539627.A.7C5.html,2,2026-09-28 04:07:07,[販售] 雙北 二手iPhone 13/13pro  128G,iPhone 13,128GB,否,,6500,2026-10-06 22:55:42
https://www.ptt.cc/bbs/MacShop/M.1790539627.A.7C5.html,3,2026-09-28 04:07:07,[販售] 雙北 二手iPhone 13/13pro  128G,iPhone 13 Pro,128GB,否,,8000,2026-10-06 22:55:42
https://www.ptt.cc/bbs/MacShop/M.1790521446.A.A34.html,1,2026-09-27 23:04:06,[販售] 台中  iPhone 15 Pro/14 Pro Max/13 Pro Max/13/12 Pro,iPhone 15 Pro,256GB,否,,16000,2026-10-06 22:56:08
https://www.ptt.cc/bbs/MacShop/M.1790521446.A.A34.html,2,2026-09-27 23:04:06,[販售] 台中  iPhone 15 Pro/14 Pro Max/13 Pro Max/13/12 Pro,iPhone 14 Pro Max,256GB,否,,13500,2026-10-06 22:56:08
https://www.ptt.cc/bbs/MacShop/M.1790521446.A.A34.html,3,2026-09-27 23:04:06,[販售] 台中  iPhone 15 Pro/14 Pro Max/13 Pro Max/13/12 Pro,iPhone 13 Pro Max,256GB,否,,10000,2026-10-06 22:56:08
https://www.ptt.cc/bbs/MacShop/M.1790521446.A.A34.html,4,2026-09-27 23:04:06,[販售] 台中  iPhone 15 Pro/14 Pro Max/13 Pro Max/13/12 Pro,iPhone 13,128GB,否,,5000,2026-10-06 22:56:08
https://www.ptt.cc/bbs/MacShop/M.1790521446.A.A34.html,5,2026-09-27 23:04:06,[販售] 台中  iPhone 15 Pro/14 Pro Max/13 Pro Max/13/12 Pro,iPhone 12 Pro,256GB,否,,6000,2026-10-06 22:56:08
https://www.ptt.cc/bbs/MacShop/M.1790507793.A.D45.html,1,2026-09-27 19:16:33,,iPhone 17,256GB,是,100,29800,2026-10-06 22:56:09
https://www.ptt.cc/bbs/MacShop/M.1790495518.A.4AE.html,1,2026-09-27 15:51:58,[販售] 高雄 iPhone 18 pro max 512G 紅+17p256,iPhone 18 Pro Max,512GB,是,100,54000,2026-10-06 22:56:34
https://www.ptt.cc/bbs/MacShop/M.1790495518.A.4AE.html,2,2026-09-27 15:51:58,[販售] 高雄 iPhone 18 pro max 512G 紅+17p256,iPhone 17 Pro,256GB,否,96,30000,2026-10-06 22:56:34
https://www.ptt.cc/bbs/MacShop/M.1790413233.A.244.html,1,2026-09-26 17:00:33,[販售] 台中 iPhone 18 Pro 256G 紅/Airpods 5無線充電版,iPhone 18 Pro,256GB,是,100,42000,2026-10-06 22:57:53
https://www.ptt.cc/bbs/MacShop/M.1790344812.A.70B.html,1,2026-09-25 22:00:12,[販售] 高雄 Iphone 17 pro max 512g / Airpods3,iPhone 17 Pro Max,512GB,是,100,46700,2026-10-06 22:59:22
https://www.ptt.cc/bbs/MacShop/M.1790301669.A.99F.html,1,2026-09-25 10:01:09,[販售] iPhone 14 Pro 、Watch s6,iPhone 14 Pro,256GB,否,73,11500,2026-10-06 23:00:17
